country,partyfacts_id,name_short,ches_short,ches_id,ches_left_right,ches_gal_tan,ches_economy,ches_redistribute,dalp_short,dalp_id,dalp_left_right,dalp_gal_tan,dalp_economy,dalp_redistribute,dalp_identity,mp_id,mp_short,mp_left_right,wvs_short,wvs_id,wvs_left_right
AGO,2298,MPLA,,,,,,,MPLA,AGO-1,6.57,4.23,5.09,6.33,6.33,,,,,,
AGO,2342,PRS,,,,,,,PRS,AGO-3,5.8,4.86,5.71,4.78,3.91,,,,,,
AGO,2343,UNITA,,,,,,,UNITA,AGO-2,5.71,4.42,6.09,5.11,5.5,,,,,,
ALB,2571,1-perc,,,,,,,,,,,,,,75621,PP,10.27,,,
ALB,674,BKS,,,,,,,,,,,,,,75721,BK,24.29,,,
ALB,2297,LSI,,,,,,,LSI,ALB-3,3.89,3.91,4.78,3.9,2.56,,,,,,
ALB,840,PA,,,,,,,,,,,,,,75810,PASH,-4.17,,,
ALB,594,PAD,,,,,,,,,,,,,,75421,AD,-0.92,,,
ALB,1636,PBDN,,,,,,,PBNj,ALB-5,4.67,4.4,3,4.25,1.33,75951,OMONIA,22.47,,,
ALB,3270,PDIU,,,,,,,,,,,,,,,,,,,
ALB,190,PDS,,,,,,,PD,ALB-1,5.5,4.18,6,4.78,2.56,75624,PD,27.18,,,
ALB,4715,PKDSH,,,,,,,,,,,,,,,,,,,
ALB,732,PLL,,,,,,,,,,,,,,75623,PLL,55.96,,,
ALB,819,PRS,,,,,,,PR,ALB-4,6.89,4.73,7,6.71,2.78,75722,PRSH,9.92,,,
ALB,838,PSD,,,,,,,,,,,,,,75320,PSD,-2.19,,,
ALB,1729,PSS,,,,,,,PS,ALB-2,4,3.64,4.89,3.8,2.44,75220,PPS,0.57,,,
AND,3675,PS,,,,,,,,,,,,,,,,,,,
AND,3673,UL / PLA,,,,,,,,,,,,,,,,,,,
AND,3676,VA,,,,,,,,,,,,,,,,,,,
ARG,2580,1-perc,,,,,,,,,,,,,,150222,,-18.96,,,
ARG,6116,ALIANZA,,,,,,,,,,,,,,150032,ALIANZA,-13.04,,,
ARG,3889,ally,,,,,,,,,,,,,,150029,FREJUPO,-3.82,,,
ARG,6112,AR,,,,,,,,,,,,,,150601,AR,0.18,,,
ARG,1215,ARI,,,,,,,,,,,,,,150210,ARI,-26.14,,,
ARG,6159,CC,,,,,,,,,,,,,,150023,CC,-11.01,,,
ARG,2529,CPC,,,,,,,,,,,,,,,,,,,
ARG,1863,etc,,,,,,,,,,,,,,150027,FREJULI,1.25,,,
ARG,6161,FAP,,,,,,,,,,,,,,150026,FAP,-6.84,,,
ARG,2530,FPV-PJ,,,,,,,AFplV,ARG-3,4,5.33,4,5,4,150025,FpV,-32.37,,,
ARG,5553,FREPASO,,,,,,,,,,,,,,150202,FREPASO,-15.22,,,
ARG,868,MPN,,,,,,,,,,,,,,150221,MPN,-12.03,,,
ARG,6088,NE,,,,,,,,,,,,,,150220,,-16.35,,,
ARG,623,PJ,,,,,,,PJ,ARG-1,5.63,5.52,4.24,4.55,5.56,150201,PJ,2,,,
ARG,1790,PRO,,,,,,,PRO,ARG-5,7.89,6.67,7.11,6.44,5.88,150061,,-18.02,,,
ARG,1116,Recrear,,,,,,,,,,,,,,150401,RECREAR,-0.38,,,
ARG,4182,UCD,,,,,,,,,,,,,,150022,FPL + UCeDé,-7.96,,,
ARG,1724,UCR,,,,,,,UCR,ARG-2,4.9,4.1,4.65,5.11,4.06,150301,UCR,-15.09,,,
ARG,5086,UP,,,,,,,,,,,,,,150230,,-50,,,
ARM,2008,A,,,,,,,,,,,,,,76421,A,16.8,,,
ARM,2010,AIM,,,,,,,,,,,,,,76521,AIM,46.34,,,
ARM,3890,ally,,,,,,,,,,,,,,76902,IM,9.73,,,
ARM,2011,AM,,,,,,,,,,,,,,76904,AM,2.34,AGzM,51005,5
ARM,2009,AZhM,,,,,,,,,,,,,,76712,AZhM,-7.86,,,
ARM,4205,BHK,,,,,,,,,,,,,,76620,BHK,-4.42,BHK,51027,6.03
ARM,2012,HA,,,,,,,,,,,,,,76711,HA,2.56,,,
ARM,4539,HAK,,,,,,,,,,,,,,76041,HAK,-8.82,,,
ARM,3783,HePa,,,,,,,,,,,,,,76430,,-0.95,,,
ARM,2020,HHD,,,,,,,,,,,,,,76321,HHD,-7.34,HHD,51002,5.39
ARM,2013,HHK,,,,,,,,,,,,,,76903,M,-0.9,HHK,51009,6.16
ARM,4365,HHS,,,,,,,,,,,,,,,,,,,
ARM,2018,HKK,,,,,,,,,,,,,,76222,HKK,-4.08,HKK,51003,6.33
ARM,2016,MAK,,,,,,,,,,,,,,76322,MAK,-1.45,,,
ARM,2007,OEK/HV,,,,,,,,,,,,,,76420,OEK,-12.57,,,
ARM,2015,Sha,,,,,,,,,,,,,,76901,,36.84,,,
AUS,1743,ACP-NPA,,,,,,,NPA,AUS-3,7.9,6.9,5.3,7.1,6.8,63810,CP,-5,,36003,6.08
AUS,990,AD,,,,,,,,,,,,,,63321,AD,-23.64,,36005,6.5
AUS,1209,AG,,,,,,,AG,AUS-4,1.8,2.4,2.4,3.3,2,63110,,-23.22,,36004,3.66
AUS,424,ALP,,,,,,,ALP,AUS-2,3.8,3.9,3.8,3.7,3.2,63320,ALP,-34.4,,36001,4.42
AUS,143,CLP,,,,,,,,,,,,,,63622,CLP,22.98,,,
AUS,1540,DLP,,,,,,,,,,,,,,63330,ALP-AC,-10.7,,,
AUS,1263,FFP,,,,,,,,,,,,,,,,,,36009,6.8
AUS,1997,Katter,,,,,,,,,,,,,,63710,KAT,-10,,,
AUS,285,LNPQ,,,,,,,,,,,,,,63621,LNP,12.24,,,
AUS,486,LPA,,,,,,,LPA,AUS-1,7,5.9,7.4,6.8,6.2,63620,LPA,12.24,,36002,6.4
AUS,5453,NXT,,,,,,,,,,,,,,63901,NXT,-26.32,,,
AUS,1162,ONP,,,,,,,,,,,,,,,,,,36008,5
AUS,1996,PUP,,,,,,,,,,,,,,63410,PUP,8.48,,,
AUT,599,BZO,BZÖ,1307,7.8,7.2,7.2,6.3,BZÖ,AUT-5,9,6.92,6.1,4.1,9.4,42710,BZÖ,-8.72,,,
AUT,463,FPO,FPÖ,1303,9.1,8.9,6.5,5.6,FPÖ,AUT-4,9.29,7.38,4.83,4.07,9.73,42420,VdU,2.7,,,
AUT,1659,GRUENE,Grüne,1304,2.5,1.4,2.5,2.5,Grüne,AUT-3,2.8,1.57,3.57,2.6,1.27,42110,GA,-21.7,,,
AUT,996,KPO,,,,,,,,,,,,,,42220,KPÖ,-17.39,,,
AUT,605,LIF,LIF; NEOS,1306,5.9,2.3,7.1,6.9,,,,,,,,42421,LIF,64.71,,,
AUT,1708,MARTIN,MARTIN,1308,4.78,5,3.71,4.2,,,,,,,,,,,,,
AUT,1970,NEOS,,,,,,,,,,,,,,42430,NEOS,-10.08,,,
AUT,1329,OVP,ÖVP,1302,6.9,7.1,6.9,6.2,ÖVP,AUT-2,7,6.64,7.27,5.67,5.53,42520,ÖVP,2.09,,,
AUT,6137,PILZ,,,,,,,,,,,,,,42120,PILZ,-7.04,,,
AUT,1384,SPO,SPÖ,1301,4,3.8,3.6,2.4,SPÖ,AUT-1,3.67,3.36,2.8,2.53,3.47,42320,SPÖ,-39.42,,,
AUT,1971,TS,TeamStronach,1310,7.6,7.2,7.9,8.14,,,,,,,,42951,TS,0.97,,,
AZE,1993,ACP,,,,,,,,,,,,,,77221,AVKP,-32.76,,,
AZE,1990,AMDP,,,,,,,,,,,,,,77430,ADPS,-34.48,,,
AZE,1991,AMIP,,,,,,,,,,,,,,77710,AMİP,28.57,,,
AZE,1992,AXC,,,,,,,,,,,,,,77420,AXC,4.63,,,
AZE,1994,VHP,,,,,,,,,,,,,,77951,VHP,31.43,,,
AZE,1995,YAP,,,,,,,,,,,,,,77220,YAP,14.29,,31001,6
BEL,528,AGL — Gr,AGALEV; Groen,105,2.42,1.17,2.67,2.25,Groen!,BEL-7,1.83,3.6,3.17,1.83,1.33,21112,AGALEV,-21.85,,,
BEL,480,BSP-PSB,,,,,,,,,,,,,,21320,BSP/PSB,-26.07,,,
BEL,604,CD&V,CVP; CD&V,109,5.58,6.25,5.58,5,CDV,BEL-1,5.33,6.4,5,4.33,5.33,,,,,,
BEL,622,CVP,,,,,,,,,,,,,,21521,CVP,-11.9,,,
BEL,1563,Ecolo,ECOLO,104,2.08,1.08,2.5,1.92,Ecolo,BEL-11,3.86,2,3.14,2.86,2,21111,ECOLO,-31.3,,,
BEL,1834,etc,ID21,114,5.14,4,5.14,,,,,,,,,,,,,,
BEL,698,FDF,FDF,111,5.6,4,5.6,5,,,,,,,,21912,FDF,-5.03,,,
BEL,191,FN,FN,115,9.21,9.67,8.45,6.6,FN,BEL-12,9.33,9.4,7.5,3,9.83,,,,,,
BEL,43,LD/LDD,LDD,117,8.43,5.07,8.87,8.4,LDD,BEL-6,8.6,1.6,9.4,9,7.4,21430,LDD,41.46,,,
BEL,275,LP-PL,,,,,,,,,,,,,,21420,LP/PL,27.7,,,
BEL,791,MCC,MCC,113,5.57,5.8,5.8,,,,,,,,,,,,,,
BEL,789,MR,PRL; MR,106,6.5,3.18,6.92,5.83,MR,BEL-8,6.57,3.83,7.71,7,3.57,21426,MR,-0.2,,,
BEL,36,N-VA,VU; NVA,110,7.92,6.09,7.92,7,NV-A,BEL-5,7.2,6.6,6.8,6.8,8.33,21916,N-VA,4.78,,,
BEL,382,PL,,,,,,,,,,,,,,21424,PL,1.85,,,
BEL,639,Pp,PP,120,7.75,7.5,8.5,6.5,,,,,,,,,,,,,
BEL,554,PRL,,,,,,,,,,,,,,21422,PLP,-2.35,,,
BEL,8259,PRL - FDF,,,,,,,,,,,,,,21423,PRL-FDF,-4.13,,,
BEL,500,PS,PS,102,2.08,2.92,2.25,1.58,PS,BEL-9,2.57,2.67,2.29,2.14,2.29,21322,PS,-26.69,,,
BEL,633,PSC — CDH,PSC; CDH,108,4.58,5,4.67,3.92,CDH,BEL-10,4.5,6.57,4.71,4.17,3,21522,PSC,-24.56,,,
BEL,405,PSC-CVP,,,,,,,,,,,,,,21520,PSC/CVP,-3.85,,,
BEL,1753,PVDA — PTB,PVDA,119,0.33,4.58,0.33,0.33,,,,,,,,,,,,,
BEL,49,PVV — OVLD,VLD,107,6.58,2.45,7.17,6,Open VLD,BEL-3,6.83,3.6,6.5,7.67,6.33,21421,PVV,-8,,,
BEL,281,RW,,,,,,,,,,,,,,21911,RW,-12.1,,,
BEL,1680,SPA,SP; SPA,103,3.08,2.75,3.08,2,SP-A,BEL-4,2.83,4.6,3.67,2.33,3,21321,SP,-19.2,,,
BEL,1586,SPA/Spirit,,,,,,,,,,,,,,21221,sp.a-SPIRIT,-3.65,,,
BEL,7015,SPIRIT,SLP; Spirit,118,2.77,1.91,2.38,2.43,,,,,,,,21330,SPIRIT,-17.94,,,
BEL,1968,VB,,,,,,,VB,BEL-2,9.67,8.4,6.83,7.83,9.83,21917,VB,8.39,,,
BEL,553,VB,VB,112,9.58,8,5,4.42,,,,,,,,21914,VB,-3,,,
BEL,1424,VU,,,,,,,,,,,,,,21913,CVV,-1.89,,,
BEN,6190,FC,,,,,,,FC,BEN-4,4.43,4.44,3.75,3,3,,,,,,
BEN,2300,FCBE,,,,,,,FCBE,BEN-1,9.22,5.78,3.67,3.88,3.25,,,,,,
BEN,2366,G-13,,,,,,,G-13,BEN-5,4.17,5.5,4.5,4.4,3.33,,,,,,
BEN,2365,PRD,,,,,,,PRD,BEN-3,4.2,4.11,4.89,4.43,3.38,,,,,,
BEN,2368,PSD,,,,,,,PSD,BEN-2,3.6,4.33,4.44,5,3.62,,,,,,
BFA,4314,ADF — RDA,,,,,,,,,,,,,,,,,,,
BFA,4313,CDP,,,,,,,,,,,,,,,,,,,
BFA,4320,PAI,,,,,,,,,,,,,,,,,,,
BFA,4317,PDS/Metba,,,,,,,,,,,,,,,,,,,
BFA,4318,UPR,,,,,,,,,,,,,,,,,,,
BGD,2299,BAL,,,,,,,BAL,BGD-2,5,3.42,3.82,4.8,4.62,,,,,,
BGD,3782,BNP,,,,,,,BJP,BGD-1,7.1,5,3.91,4,4.38,,,,,,
BGD,2341,JD,,,,,,,JD,BGD-4,6.12,4.57,5.88,3.83,4.56,,,,,,
BGD,2340,JEB,,,,,,,JEB,BGD-3,8.82,7.2,5.14,3.29,5.7,,,,,,
BGR,2635,1-perc,Slavi,2019,5.67,6.44,4.33,3.5,,,,,,,,80812,BZNS-AS,8.78,,,
BGR,3187,ABV,ABV,2016,3.47,5.38,3.38,3.13,,,,,,,,80330,ABV,-1.58,,,
BGR,3908,ally,G-VMRO; VMRO-BND,2005,6.9,9.5,4.81,4.81,,,,,,,,,,,,,
BGR,1793,ATA,NOA; Ataka,2007,6.81,9.62,3.53,3.19,Attack,BGR-4,5.89,8,3.73,3.78,8.77,80710,ATAKA,-11.63,,,
BGR,1027,BBB,,,,,,,,,,,,,,80901,BBB,5.7,,,
BGR,3188,BBZ,BBT,2015,6.08,7.45,3.9,3,,,,,,,,80630,BBZ,-6.11,,,
BGR,58,BC,,,,,,,,,,,,,,80051,SK,14.91,,,
BGR,149,BEL,,,,,,,,,,,,,,80320,KEL,26.15,,,
BGR,2058,BNG,DBG,2013,6.13,3.59,6.53,6.6,,,,,,,,,,,,,
BGR,263,BNS,BNS,2009,6.14,6.14,5.62,5.5,,,,,,,,80813,BNS,-1.42,,,
BGR,757,BSP,,,,,,,BSP,BGR-1,3.75,5.5,3.08,4,4.38,80220,BSP,-38.11,,,
BGR,2060,BZNS,,,,,,,,,,,,,,80810,BZNS,12.26,,,
BGR,5861,DB,DB,2018,6.05,2.8,6.78,5.55,,,,,,,,,,,,,
BGR,982,DPS,DPS,2004,4.71,6.14,4.95,4.6,DPS,BGR-3,4,5.46,5.33,4.67,3.31,80951,DPS,0.94,,,
BGR,1195,DSB,DSB,2008,7.45,4.68,7.95,6.6,DSB,BGR-6,7.23,4,7.55,7.08,5.31,80610,DSB,11.67,,,
BGR,760,GERB,GERB,2010,6.1,5.76,6.1,5.9,GERB,BGR-7,6.27,5,7.22,6.62,5.5,80510,GERB,7.73,,,
BGR,5848,KSII,KSII,2006,6.86,6.33,6.29,,,,,,,,,,,,,,
BGR,1665,KzB,KzB; BSP,2003,3.25,7.14,3,3,,,,,,,,80228,BSP-BZNS-AS-PKE,-2.63,,,
BGR,265,LR,L,2011,6,8.2,4.43,4.5,,,,,,,,,,,,,
BGR,374,NDSV,NDSV,2001,5.82,4.2,6.18,6.89,NDSV,BGR-2,5.83,3.75,7.08,7.31,2.85,80902,NDSV,-8.56,,,
BGR,2057,NFSB,NFSB,2014,7.35,8.9,5.47,5.4,,,,,,,,,,,,,
BGR,1183,ODS,ODS; SDS,2002,7.13,3.5,7.69,7.65,ODS,BGR-5,6.62,3.75,7.5,6.77,3.54,80411,ODS,13.09,,,
BGR,1765,ONS,,,,,,,,,,,,,,80952,ONS,13.51,,,
BGR,6115,OP,,,,,,,,,,,,,,80071,OP,24.49,,,
BGR,5649,PF,,,,,,,,,,,,,,80062,,20.88,,,
BGR,820,PKE,,,,,,,,,,,,,,80110,PKE,19.26,,,
BGR,3189,RB,,,,,,,,,,,,,,80061,,-6.59,,,
BGR,272,RZS,RZS,2012,6.5,8,4.17,4.17,,,,,,,,80620,RZS,47.42,,,
BGR,482,SDS,,,,,,,,,,,,,,80410,SDS,23.61,,,
BGR,6397,VMRO-DPMNE,,,,,,,,,,,,,,,,,,,
BGR,5863,Volya,Volya,2017,5.56,8.53,5.38,5.18,,,,,,,,80640,,8.33,,,
BGR,747,ZNS,,,,,,,,,,,,,,80811,NS,1.51,,,
BIH,2623,1-perc,,,,,,,,,,,,,,79954,MBO,-11.77,,,
BIH,3683,BPS,,,,,,,,,,,,,,79957,BPS,-24.24,,,
BIH,4717,DF,,,,,,,,,,,,,,79322,DF,7.55,,,
BIH,3170,DNS,,,,,,,,,,,,,,,,,,,
BIH,1159,DNZ-BiH,,,,,,,,,,,,,,79901,DNZ BiH,4.07,,,
BIH,1760,HDZ-BiH,,,,,,,,,,,,,,79953,HDZ BiH,-29.28,,,
BIH,3168,HDZ90,,,,,,,,,,,,,,79956,HDZ 1990,-17.68,,,
BIH,1340,KCD,,,,,,,,,,,,,,79421,KCD BiH,-2.17,,,
BIH,4716,NDP,,,,,,,,,,,,,,,,,,,
BIH,1721,NHI,,,,,,,,,,,,,,79423,NHI,-2.86,,,
BIH,1673,PDP,,,,,,,,,,,,,,79422,PDP RS,-6.86,,,
BIH,3171,SBBBIH,,,,,,,,,,,,,,79610,SBB BiH,-15.25,,,
BIH,357,SBiH,,,,,,,,,,,,,,79723,SBiH,0,,,
BIH,1454,SDA,,,,,,,,,,,,,,79951,SDA,6.84,,,
BIH,537,SDP-BiH,,,,,,,,,,,,,,79321,SDP BiH,-17.78,,,
BIH,1166,SDS,,,,,,,,,,,,,,79955,SDS,-16.22,,,
BIH,1,SKBiH,,,,,,,,,,,,,,79221,SK BiH-SDP,-13.07,,,
BIH,292,SNSD,,,,,,,,,,,,,,79730,SNSD,-3.1,,,
BIH,998,SPRS,,,,,,,,,,,,,,79223,SPRS,5.75,,,
BIH,1222,SRS-RS,,,,,,,,,,,,,,79721,SRS RS,-2.14,,,
BIH,1153,SRSJ,,,,,,,,,,,,,,79222,SRSJ,0,,,
BIH,2622,unknown,,,,,,,,,,,,,,,,,,,
BLR,2606,1-perc,,,,,,,,,,,,,,78213,BKhP,-2.94,,,
BLR,2033,AHPB,,,,,,,,,,,,,,78430,ADPB,46.9,,,
BLR,2037,AP,,,,,,,,,,,,,,78212,APB,-9.09,,,
BLR,2036,BPP,,,,,,,,,,,,,,78214,BPR,4.67,,,
BLR,2035,BSDP-H,,,,,,,,,,,,,,78710,BSDP,16.19,,,
BLR,3275,PBNF,,,,,,,,,,,,,,,,,,,
BLR,2030,PKB,,,,,,,,,,,,,,78211,PKB,-19.67,,,
BOL,715,AS,,,,,,,,,,,,,,151255,AS,8.83,,,
BOL,8858,CUD,,,,,,,,,,,,,,151640,UN,-3.29,,,
BOL,1880,etc,,,,,,,,,,,,,,151617,APB,-3.09,,,
BOL,442,MAS,,,,,,,MAS,BOL-1,1.92,5.36,1.92,2,4.69,151250,MAS-IPSP,-17.41,,,
BOL,568,MNR,,,,,,,MNR,BOL-3,6.46,4,6.23,5.15,4.92,151610,MNR,11.64,,,
BOL,5139,PDC,,,,,,,,,,,,,,151540,PDC,-14.11,,,
BOL,1238,Podemos,,,,,,,PODEMOS,BOL-2,8.54,4.73,7,6,5.69,,,,,,
BOL,1700,PPB — CN,,,,,,,,,,,,,,151062,PPB-CN,-38.36,,,
BOL,170,UN,,,,,,,FUN,BOL-4,5.46,4.45,5.46,4.69,4.77,,,,,,
BRA,3906,ally,,,,,,,,,,,,,,180320,,-20.71,,,
BRA,4615,MDB,,,,,,,,,,,,,,,,,PMDB,76001,6.05
BRA,565,PCdoB,,,,,,,PC do BR,BRA-10,1.94,3.19,2,2.81,2.92,,,,,,
BRA,1009,PDT,,,,,,,PDT,BRA-9,3.47,3.64,3.24,4.06,4.15,,,,PDT,76004,6.21
BRA,1536,PFL,,,,,,,PFL,BRA-1,8.53,5.73,8,6.71,6.62,,,,DEM,76023,7.3
BRA,1823,PL,,,,,,,PL,BRA-2,7.76,6.67,7.29,6.75,6.83,,,,,,
BRA,654,PMDB,,,,,,,PMDB,BRA-3,5.76,5.36,4.94,5.31,5.67,,,,,,
BRA,781,PPB,,,,,,,PP,BRA-4,8.18,7.08,6.53,6.15,7,,,,,,
BRA,267,PPS,,,,,,,PPS,BRA-11,3.88,3.56,4.06,4.5,4,180232,PPS,-15.97,,,
BRA,4410,PRN/PTC,,,,,,,,,,,,,,180410,,10.73,,,
BRA,4404,PRONA,,,,,,,,,,,,,,180710,PRONA,-27.33,,,
BRA,723,PSB,,,,,,,PSB,BRA-5,3.06,4,3.06,3.75,3.73,,,,,,
BRA,225,PSDB,,,,,,,PSDB,BRA-6,6,4.25,6.53,5.94,5,180309,PSDB,32.84,PSDB,76003,5.25
BRA,501,PSOL,,,,,,,,,,,,,,,,,PSOL,76022,4.14
BRA,356,PT,,,,,,,PT,BRA-7,3,3.31,2.82,3.61,2.64,,,,PT,76002,5.62
BRA,458,PTB,,,,,,,PTB,BRA-8,6.12,5.62,5.31,5,5.18,,,,PTB,76007,6.33
BRA,547,PV,,,,,,,,,,,,,,180110,PV,-28.3,,,
BWA,2337,BCP,,,,,,,BCP,BWA-3,4.33,4.62,3.93,3.67,3.43,,,,,,
BWA,2301,BDP,,,,,,,BDP,BWA-1,7.27,4.67,6.6,6.2,6.29,,,,,,
BWA,2336,BNF,,,,,,,BNF,BWA-2,3.47,4.4,2.93,2.47,3.43,,,,,,
CAN,1428,BQ,,,,,,,BQ,CAN-1,3.08,2.25,3.09,2.75,3.2,62901,BQ,-5.67,,,
CAN,1332,CA,,,,,,,,,,,,,,62622,CA,10.79,,,
CAN,1004,CPC,,,,,,,CON,CAN-2,8,7,7.58,7.33,5.58,62623,CP,29.02,,,
CAN,931,GPC,,,,,,,Green,CAN-3,4,2.83,4,3.5,3.43,62110,,-17.57,,,
CAN,1739,LP,,,,,,,LIB,CAN-4,5.5,3.08,4.92,4.92,3.17,62420,LP,-20.68,,,
CAN,152,NDP,,,,,,,NDP,CAN-5,2.42,1.83,2.17,2.25,2.5,62320,CCF,-9.67,,,
CAN,232,PCP,,,,,,,,,,,,,,62620,PCP,-3.95,,,
CAN,1757,RPC,,,,,,,,,,,,,,62621,RPC,40.45,,,
CAN,1156,SSC,,,,,,,,,,,,,,62951,Socred,10.9,,,
CHE,1311,A/FPS,,,,,,,,,,,,,,43951,FPS,46.56,,,
CHE,1415,BDP,,,,,,,CVP,CHE-1,5.53,6,5.73,4.73,3.87,43811,BDP/PBD,-6.98,,,
CHE,1122,CsP,,,,,,,,,,,,,,43540,CSP/PCS,-40.29,,,
CHE,631,EDU,,,,,,,,,,,,,,43711,EDU/UDF,34.63,,,
CHE,1123,EVP,,,,,,,,,,,,,,43530,EVP/PEV,13.18,,,
CHE,1231,FDP,,,,,,,,,,,,,,,,,,,
CHE,360,FDP,,,,,,,FDP,CHE-2,7.6,3.77,8.07,7.73,4.6,43420,FDP/PRD,15.05,,,
CHE,1759,GPL,,,,,,,,,,,,,,43120,GLP,2.08,,,
CHE,1006,Grue,,,,,,,Gruene,CHE-5,2.07,2.31,2.8,2.6,1.93,43110,GPS/PES,-21.85,,,
CHE,1808,KK/CVP,,,,,,,,,,,,,,43520,CVP/PDC,-15.65,,,
CHE,1661,LdT,,,,,,,Lega,CHE-7,8.69,6.57,6.5,5.75,7.93,43901,LdT,23.08,,,
CHE,1194,LdU,,,,,,,,,,,,,,43321,LdU/AdI,-15.82,,,
CHE,444,LPS,,,,,,,LPS,CHE-6,7.87,3.55,8.73,8.4,4.46,43531,LPS/PLS,48.86,,,
CHE,8176,MCG,,,,,,,,,,,,,,43902,MCG,52.38,,,
CHE,1819,NA-SD,,,,,,,,,,,,,,43710,NA/AN,18.91,,,
CHE,669,PdA,,,,,,,,,,,,,,43220,PdAS/PdTS,-44.74,,,
CHE,29,SP,,,,,,,SP,CHE-3,2,2.46,2.47,2,1.93,43320,SPS/PSS,-38.52,,,
CHE,308,SVP,,,,,,,SVP,CHE-4,9.4,7.23,8.6,8.53,8.07,43810,BGB/PAB,41.04,,,
CHL,6061,A,,,,,,,,,,,,,,155061,,3.96,,,
CHL,3915,ally,,,,,,,,,,,,,,155023,,-28.32,,,
CHL,4550,C,,,,,,,,,,,,,,155021,,-24.94,,,
CHL,7074,IYWICC,,,,,,,,,,,,,,155024,,-37.01,,,
CHL,390,PDC,,,,,,,PDC,CHL-5,5.56,6.44,4.72,5.78,5.72,,,,PDC,152010,4.79
CHL,4549,PODEMOS,,,,,,,,,,,,,,155025,PODEMOS,-41.49,,,
CHL,54,PPD,,,,,,,PPD,CHL-6,4.28,3,4.72,5.39,4.39,,,,PPD,152006,4.54
CHL,437,PRSD,,,,,,,PRSD,CHL-1,4.61,3.83,4.65,4.94,5.06,,,,,,
CHL,6,PS,,,,,,,PS,CHL-3,3.5,3.22,3.94,5.22,4.67,155620,UCC,-3.97,PS,152007,3.95
CHL,928,RN,,,,,,,RN,CHL-4,7.94,6.56,8.11,6.89,7.17,155602,RN,-0.81,RN,152002,6.83
CHL,1599,UDI,,,,,,,UDI,CHL-2,8.61,7.89,8.17,6.89,7.5,155601,UDI,16.89,UDI,152001,7.67
COL,569,AEC,,,,,,,MAEC,COL-7,8.55,7.38,6.44,5.75,5,,,,,,
COL,561,CR,,,,,,,CR,COL-4,8.82,8.2,7,6.27,6,,,,,,
COL,759,P-U,,,,,,,P de la U,COL-3,8.83,8.08,6.58,5.58,6.18,,,,,170003,6.64
COL,1577,PCC,,,,,,,PC,COL-2,8.83,8.33,6,5.33,6.08,,,,,170001,6.78
COL,1107,PCC,,,,,,,CC,COL-6,8.22,7.33,5.43,5.5,4.33,,,,,,
COL,218,PDA,,,,,,,PDA,COL-5,2,2.75,3.67,4,3,,,,,,
COL,362,PLC,,,,,,,PLC,COL-1,4.83,3.5,4.67,4.25,4.33,,,,,170002,6.81
CRI,1247,PAC,,,,,,,PAC,CRI-1,3.39,5.44,2.89,2.67,3.55,,,,,,
CRI,1367,PLN,,,,,,,PLN,CRI-2,6.83,6,5.33,3.78,4.09,,,,,,
CRI,2363,PML,,,,,,,PML,CRI-3,9.44,4.12,8.56,7.11,5.78,,,,,,
CRI,1199,PUSC,,,,,,,PUSC,CRI-4,7.33,5.53,5.76,4.5,4.2,,,,,,
CYP,2654,1-perc,,,,,,,,,,,,,,55421,KF,20.89,,,
CYP,1076,AKEL,AKEL,4003,3,2.5,2.5,1,,,,,,,,55321,AKEL,-26.07,AKEL,196001,8.48
CYP,635,DIKO,DIKO,4004,5.5,6,6,4.5,,,,,,,,55422,DiKo,3.85,DIKO,196003,5
CYP,563,DISY,DISY,4001,7.5,6.5,8,8,,,,,,,,55711,DISY,20.39,DISY,196002,2.01
CYP,321,ED,,,,,,,,,,,,,,55423,KED,4.24,,,
CYP,1028,EDEK,EDEK,4005,4.5,6,4.5,4,,,,,,,,55322,EDEK,-15.15,KISOS-EDEK,196004,5
CYP,1817,EK,Evroko,4002,8.67,7.25,8.5,7.5,,,,,,,,55430,EVROKO,9.44,,,
CYP,1013,ELAM,ELAM,4009,10,10,7.5,6,,,,,,,,55720,ELAM,8.16,UBP,196009,6.44
CYP,1837,etc,,,,,,,,,,,,,,,,,CTP-BG,196011,3.72
CYP,4883,KINHMA,Kinhma,4008,7,7.5,7,5.5,,,,,,,,55610,KA,4.71,,,
CYP,858,KOP,KOP,4006,4.5,3,4,2,,,,,,,,55110,,-8.25,,196019,3.8
CYP,3117,SYM,SYM,4007,4.5,3.5,4.5,5,,,,,,,,55340,SYPOL,-8.9,,,
CZE,3921,ally,,,,,,,,,,,,,,82419,ODS-KDS,22.05,,,
CZE,2141,ANO,ANO2011,2111,4.69,5.73,4.5,3.85,,,,,,,,82430,ANO,-13.67,,,
CZE,5549,CSL,,,,,,,,,,,,,,82520,ČSL,37.18,,,
CZE,177,CSSD,CSSD,2101,2.74,4.92,2.59,2.44,CSSD,CZE-2,2.79,4.25,3.33,2.79,3.87,82320,ČSSD,-36.55,,,
CZE,670,DZJ,,,,,,,,,,,,,,82901,DŽJ,26.22,,,
CZE,6202,FC,,,,,,,,,,,,,,82524,KDU-ČSL-US-DEU,8.29,,,
CZE,952,HSD/SMS,,,,,,,,,,,,,,82951,HSD-SMS,4.26,,,
CZE,824,KDS,,,,,,,,,,,,,,82521,KDS,4.33,,,
CZE,676,KDU/CSL,KDU-CSL,2104,5.89,7.78,5.54,4.46,KDU-CSL,CZE-3,5.72,7.84,5.12,4.4,6.12,82529,KDU,20.75,,,
CZE,1728,KSCM,KSCM,2103,1.15,8.07,1.04,1.38,KSCM,CZE-4,1.33,5.22,1.46,1.5,5.22,82220,KSČ,-40.21,,,
CZE,2138,LB,,,,,,,,,,,,,,82221,LB,12.87,,,
CZE,936,LSU,,,,,,,,,,,,,,82420,LSU,2,,,
CZE,1425,NEZDEM,Nezavisli,2108,5.5,4.75,4.5,,,,,,,,,,,,,,
CZE,1008,ODA,,,,,,,,,,,,,,82412,ODA,23.27,,,
CZE,466,ODS,ODS,2102,7.78,7.04,7.7,7.88,ODS,CZE-1,8.71,4.5,8.92,8.08,6.83,82413,ODS,2.19,,,
CZE,1349,OF,,,,,,,,,,,,,,82410,OF,14.37,,,
CZE,2047,Pi,Pirates,2114,4.28,1,4.35,4.22,,,,,,,,82953,Piráti,-21.08,,,
CZE,1707,SN — VA,STAN,2116,6.27,4.08,6.58,6.21,,,,,,,,82610,STAN,-22.66,,,
CZE,751,SNK-ED,SNK-ED,2106,6.67,2.8,7.2,7,,,,,,,,,,,,,
CZE,6125,SPD,SPD,2115,8.85,9.37,4.67,4.14,,,,,,,,82721,SPD,-21.36,,,
CZE,1657,SPR — RSČ,,,,,,,,,,,,,,82710,SPR-RSČ,19.52,,,
CZE,254,SSO,SVOBODNI,2113,8.71,4.86,9.23,9,,,,,,,,,,,,,
CZE,1554,SZ,SZ,2107,3.86,1.29,3.71,4.09,Green,CZE-5,5.46,2.1,5.67,5.37,2.33,82110,SZ,-30.25,,,
CZE,138,SZV,,,,,,,,,,,,,,,,,,,
CZE,223,TOP09,TOP09,2109,7.41,4.85,7.33,7.42,,,,,,,,82530,TOP09,-6,,,
CZE,2049,UPD,USVIT,2112,7.69,7.71,5.33,4,,,,,,,,82720,Úsvit,5.5,,,
CZE,905,US,,,,,,,,,,,,,,82421,US,6.73,,,
CZE,104,US/DEU,US-DEU,2105,6.78,2.58,7.53,,,,,,,,,,,,,,
CZE,1202,VV,VV,2110,5.89,4.31,5.89,5.58,,,,,,,,82952,VV,0.83,,,
DDR,2699,1-perc,,,,,,,,,,,,,,85210,AVL,-35.1,,,
DDR,807,B90,,,,,,,,,,,,,,85112,B 90,-20.8,,,
DDR,389,BFD,,,,,,,,,,,,,,85429,BFD,-13.43,,,
DDR,1446,CDU,,,,,,,,,,,,,,85521,CDU,-20.4,,,
DDR,8607,DA,,,,,,,,,,,,,,85523,DA,-18.9,,,
DDR,689,DBD,,,,,,,,,,,,,,85524,DBD,-19.4,,,
DDR,1032,DFD,,,,,,,,,,,,,,85901,DFD,-21,,,
DDR,1158,DFP,,,,,,,,,,,,,,85423,DFP,-18.4,,,
DDR,1645,DSU,,,,,,,,,,,,,,85522,DSU,7.3,,,
DDR,1791,Gru,,,,,,,,,,,,,,85111,Grüne-UFV,-39.2,,,
DDR,792,LDPD,,,,,,,,,,,,,,85422,LDP,-19.3,,,
DDR,1334,NDPD,,,,,,,,,,,,,,85424,NDPD,-0.9,,,
DDR,1054,PDS,,,,,,,,,,,,,,85221,PDS,-33,,,
DDR,1548,SDP,,,,,,,,,,,,,,85320,SPD,-23.6,,,
DEU,2702,1-perc,,,,,,,,,,,,,,,,,,,
DEU,1976,AfD,AfD,310,9.24,9.52,7,6,,,,,,,,41953,AfD,17.43,AfD,276033,5.24
DEU,1816,B90/Gr,Grunen,304,3.24,1.1,3.81,3.42,Green,DEU-5,3.29,1.7,4.73,4.27,1.83,41113,90/Greens,-21.06,,276004,3.96
DEU,865,B90/Gr-BB,,,,,,,,,,,,,,41112,Greens/90,-15.97,,,
DEU,61,BP,,,,,,,,,,,,,,41911,BP,28.57,,,
DEU,1375,CDU,CDU,301,5.86,5.86,5.9,5.95,CDU,DEU-1,6.35,6.13,5.91,5.52,6.64,,,,,,
DEU,211,CDU/CSU,,,,,,,,,,,,,,41521,CDU/CSU,2.76,CDU-CSU,276001,5.67
DEU,1731,CSU,CSU,308,7.19,7.29,6.38,6.32,CSU,DEU-2,7.09,7.04,5.22,4.87,7.87,,,,,,
DEU,1502,DP,,,,,,,,,,,,,,41620,DP,-20,,,
DEU,1151,DRP,,,,,,,,,,,,,,41712,DRP,20,,,
DEU,695,DVU,DVU; NPD,309,10,9.82,5.33,5.6,,,,,,,,,,,,,
DEU,573,FDP,FDP,303,6.43,3.43,7.9,8.58,FDP,DEU-4,6.41,2.43,8.7,8.35,3.78,41420,FDP,0.58,FDP,276003,5.28
DEU,1010,GB/BHE,,,,,,,,,,,,,,41951,GB/BHE,-13.33,,,
DEU,10,Grue,,,,,,,,,,,,,,41111,,-22.97,,,
DEU,1135,KPD,,,,,,,,,,,,,,41220,KPD,-10.23,,,
DEU,1545,Linke,PDS;,306,1.43,2.81,1.29,0.89,Linke,DEU-6,1.73,3.33,1.3,1.65,4.33,41223,LINKE,-41.91,,,
DEU,1723,NPD,,,,,,,NPD,DEU-7,9.91,9.4,2.14,2.57,9.91,,,,,,
DEU,86,PDS,,,,,,,,,,,,,,41221,PDS,-21.33,PDS,276005,3.28
DEU,1287,Pirat,Piraten,311,2.14,1.33,2.4,2.5,,,,,,,,41952,,-12.65,,,
DEU,720,Rep,REP,305,9.21,9.42,7.22,,,,,,,,,,,,,,
DEU,383,SPD,SPD,302,3.62,3.38,3.71,3.05,SPD,DEU-3,3.87,3.87,3.57,3.61,4,41320,SPD,-21.44,SPD,276002,4.61
DEU,50,SSW,,,,,,,,,,,,,,41912,SSW,31.58,,,
DEU,749,Tier,DieTier,312,2.33,1.5,3,,,,,,,,,,,,,,
DEU,735,WAV,,,,,,,,,,,,,,41711,WAV,-24.66,,,
DEU,1798,Z,,,,,,,,,,,,,,41522,DZ,-10,,,
DNK,4070,A,A,219,2.5,0.93,3.21,2.85,,,,,,,,,,,,,
DNK,800,CD,CD,204,5.57,6.2,5.29,,,,,,,,,13330,CD,-10.94,,,
DNK,1022,DF,DF,215,6.93,8,4.43,4.36,DF,DNK-6,7.33,7.21,5.07,4.27,9.47,13720,DF,32.98,,,
DNK,277,DKP,,,,,,,,,,,,,,13220,DKP,-41.12,,,
DNK,637,DS,,,,,,,,,,,,,,13953,DS,-13.97,,,
DNK,932,DU,,,,,,,,,,,,,,13421,DU,34.21,,,
DNK,1527,Enh,EL,213,1,1.07,1,0.64,ERG,DNK-7,1.33,2.5,1.67,1.6,1.93,13229,EL,-38.18,,,
DNK,1676,FK,,,,,,,,,,,,,,13221,FK,-48.54,,,
DNK,333,Fobe,FolkB,217,2,2.75,1.33,2,,,,,,,,,,,,,
DNK,1601,FrP,FP,212,9.29,7.6,8.86,,,,,,,,,13951,FP,34,,,
DNK,1421,JuBe,JuniB,216,3.17,4.75,2.83,3.5,,,,,,,,,,,,,
DNK,536,KF,KF,203,7.07,6.07,7.57,7.21,KF,DNK-3,7.67,5.07,7.6,7.6,6.27,13620,KF,-7.2,,,
DNK,53,KrF/KD,KRF,210,5.43,5.4,5.71,,,,,,,,,13520,KrF,-3.88,,,
DNK,212,LA,LA,218,8,3.86,8.71,9.07,LA,DNK-8,7.8,2.92,8.43,8,4,13001,NY,15.53,,,
DNK,1118,LC,,,,,,,,,,,,,,13422,LC,8.14,,,
DNK,7339,NB,NB,220,9,8.31,8.57,8.79,,,,,,,,,,,,,
DNK,1134,RF,,,,,,,,,,,,,,13952,RF,-6.25,,,
DNK,1507,RV,RV,202,5.07,1.36,5.64,5.14,DRV,DNK-2,5.13,2.5,5.47,5.67,2.4,13410,RV,-19.52,,,
DNK,379,SD,SD,201,4,5,3.71,3.14,SD,DNK-1,4.13,3.64,3.87,3.6,5.07,13320,SD,-18.44,,,
DNK,329,SF,SF,206,2.64,2.57,2.5,2.07,SF,DNK-4,2.8,2.79,2.73,2.73,2.57,13230,SF,-29.03,,,
DNK,1204,V,V,211,6.64,5.36,6.86,6.5,V,DNK-5,7.33,4.71,7.33,6.67,6.2,13420,V,-17.48,,,
DNK,1136,VS,,,,,,,,,,,,,,13210,VS,-28.22,,,
DOM,1225,PLD,,,,,,,PLD,DOM-3,7,5.09,5.82,5,6.22,,,,,,
DOM,1441,PRD,,,,,,,PRD,DOM-1,6.18,5,5.6,4.73,5.1,,,,,,
DOM,194,PRSC,,,,,,,PRSC,DOM-2,7.36,5.36,6.1,5.44,8,,,,,,
DZA,4114,FFS,,,,,,,,,,,,,,,,,FFS,12005,5.59
DZA,4111,FLN,,,,,,,,,,,,,,,,,FLN,12001,5.98
DZA,4098,FNA,,,,,,,,,,,,,,,,,FNA,12010,6.38
DZA,5221,MSPP,,,,,,,,,,,,,,,,,HMS,12007,6.22
DZA,5622,PT,,,,,,,,,,,,,,,,,PT,12008,6.23
DZA,4113,RND,,,,,,,,,,,,,,,,,RND,12006,6.45
ECU,797,ID,,,,,,,ID,ECU-2,4.85,4.67,4.31,4,4.31,,,,,,
ECU,827,MUPP — NP,,,,,,,Pachakutik,ECU-4,2.77,4.58,2.77,3.77,1.92,,,,,,
ECU,1450,PRE,,,,,,,PRE,ECU-3,6.08,5.67,5.46,3.73,5.73,,,,,,
ECU,1131,PRIAN,,,,,,,PRIAN,ECU-5,8.54,6.42,7.08,5.58,7.77,,,,,,
ECU,246,PSP,,,,,,,PSC,ECU-1,9,7.42,7.08,6.23,8,,,,,,
EGY,5129,FJP,,,,,,,,,,,,,,,,,,818131,7.36
EGY,5128,HaN,,,,,,,,,,,,,,,,,,818101,7.24
EGY,2370,HDW,,,,,,,NDP,EGY-1,6.33,7.12,5.25,5.33,4.56,,,,,,
EGY,2371,MB,,,,,,,MB,EGY-2,6.12,8.25,6,4.56,7.38,,,,,,
EGY,2372,NPUP,,,,,,,NPUP,EGY-4,2.75,3.57,2.75,3.25,3.57,,,,,,
EGY,2303,Wafd,,,,,,,Wafd,EGY-3,7.5,5,7.5,6.62,3.88,,,,,818144,5.32
ESP,2538,1-perc,,,,,,,,,,,,,,33093,,-23.46,,,
ESP,1671,A,Amaiur,524,1.29,1.75,1.47,1.92,,,,,,,,33092,,-17.24,,,
ESP,4019,ally,,,,,,,,,,,,,,33020,UP,-45.68,,,
ESP,8271,AlV,,,,,,,,,,,,,,33098,,-34.49,,,
ESP,441,AP/PP,PP,502,8.07,8,7.93,7.27,PP,ESP-2,7.94,6.88,6.76,5.71,7.24,33610,AP,4.48,PP-AP,724002,6.66
ESP,1011,BNG,BNG,513,3.14,3.08,2.92,2.92,,,,,,,,33908,BNG,-32.55,,,
ESP,3217,C,Cs,526,7.2,5.47,7.4,6.53,,,,,,,,33420,C's,-15.29,,,
ESP,1564,CA,CHA,520,2.9,2,2.56,2,,,,,,,,33909,CHA,-13.78,,,
ESP,81,CC,CC,517,6.71,6.31,6.36,5.75,,,,,,,,33907,CC,-14.94,,,
ESP,4795,CDC,CDC/PDeCAT,550,6.67,5.87,6.87,6.21,,,,,,,,33911,CDC,-16.78,,,
ESP,1248,CDS,,,,,,,,,,,,,,33512,CDS,-26.12,,,
ESP,5853,CEP,CpE,521,5.4,5.4,5.4,5.5,,,,,,,,,,,,,
ESP,139,CiU,CiU,505,6.2,6.2,7,6.5,CiU,ESP-4,6.67,6.21,6.53,5.4,5.67,33611,CiU,-10.86,,,
ESP,1324,EA,EA,507,4.33,4.5,4.12,4.78,,,,,,,,33903,EA,-6.66,,,
ESP,8031,ECP,,,,,,,,,,,,,,33096,,-41.43,,,
ESP,1326,EE,,,,,,,,,,,,,,33901,EE,-23.5,,,
ESP,5668,EHBildu,,,,,,,,,,,,,,33095,EH Bildu,-35.8,,,
ESP,5873,EM,,,,,,,,,,,,,,33097,,-43,,,
ESP,1643,EP — V,EdP-V,522,2.86,2.17,3,3,,,,,,,,,,,,,
ESP,848,ERC,ERC,511,3.2,2.87,3.4,3,,,,,,,,33905,ERC,-27.4,,,
ESP,8358,GB,,,,,,,,,,,,,,33091,,-16.39,,,
ESP,473,HB,EH,508,1.27,4.39,1.8,,,,,,,,,,,,,,
ESP,1260,ICV,IC,518,2.11,0.89,2,1.6,,,,,,,,,,,,,
ESP,247,IU,IU,504,1.87,2.2,1.8,1.4,IU,ESP-3,1.8,2.06,3.06,2.88,3.06,33220,PCE,-39.66,IU-PCE,724003,2.71
ESP,2457,LV,VERDE,514,2.89,1.89,2.38,,,,,,,,,,,,,,
ESP,1497,PA,PA,516,5.2,4.43,4.86,,,,,,,,,33906,PA,-12.06,,,
ESP,8395,Pais,Pais,528,2.73,1.67,2.8,2.33,,,,,,,,,,,,,
ESP,946,PAR,PAR,510,6.18,5.96,6.27,,,,,,,,,33904,PAR,-14.88,,,
ESP,206,PDP,,,,,,,,,,,,,,33438,PDP,1.58,,,
ESP,366,PL,,,,,,,,,,,,,,33439,PL,1.58,,,
ESP,1637,PNV,PNV,506,6,5.67,5.8,5.33,BNP,ESP-5,6.47,5.57,5.8,4.8,5.33,33902,PNV/EAJ,-10.19,,,
ESP,3203,PODEMOS,Podemos,525,1.93,1.33,2.13,1.67,,,,,,,,33210,,-37.63,,,
ESP,1338,PSOE,PSOE,501,3.6,2.93,3.8,2.8,PSOE,ESP-1,3.81,2.71,4.94,4.12,4.06,33320,PSOE,-28.65,PSOE,724001,3.51
ESP,1687,PSP,PSC,519,4.21,3.71,4.23,,,,,,,,,,,,,,
ESP,1271,UCD,,,,,,,,,,,,,,33430,UCD,-7.21,,,
ESP,7656,UP,,,,,,,,,,,,,,33025,,-36.92,,,
ESP,722,UPN,,,,,,,,,,,,,,33910,UPN,1.19,,,
ESP,55,UPyD,UPyD,523,5.67,3.11,6,4.67,,,,,,,,33440,UPyD,-22.22,,,
ESP,1094,UV,UV,512,6.04,5.88,5.73,,,,,,,,,,,,,,
ESP,3218,Vox,Vox,527,9.71,9.67,9.33,8.33,,,,,,,,,,,,,
EST,7340,E200,E200,2210,5.15,2.15,5.85,4.82,,,,,,,,,,,,,
EST,1040,EER,EER,2207,5.75,4.29,6,5.33,Rohelised,EST-6,5.8,4,6,7,3.8,83110,EER,-5.78,,,
EST,533,EK,EK,2202,4.46,4.62,3.77,3.33,Kesk,EST-2,4.22,4.56,4.11,3.22,3.44,83411,K,-21.75,EK,233002,4.54
EST,1556,EKK,,,,,,,,,,,,,,83220,,31.82,,,
EST,1319,EKo,,,,,,,,,,,,,,83712,,44,,,
EST,4094,EKRE,EKRE,2209,8.46,9.54,4.69,4.75,,,,,,,,83720,EKRE,12.81,,,
EST,174,EME,,,,,,,,,,,,,,83810,EME,-12.66,,,
EST,821,ER,ER,2203,6.46,3.08,7.46,6.92,ER,EST-1,8.56,4.56,9.44,8.67,6.78,83430,ER,0.55,RE,233008,6.29
EST,110,ERL,ERL,2206,4,7.14,3.43,3.29,Rahvaliit,EST-4,5.33,7.12,4.56,3.89,7,83612,ERL,0,,,
EST,1299,ERSP,,,,,,,,,,,,,,83711,ERSP,14.49,,,
EST,869,ESDTP,,,,,,,,,,,,,,83320,ESDP,-12.15,,233031,5.18
EST,3271,EV,EVE,2208,7.38,3.86,7.14,6.6,,,,,,,,83440,EVA,-7.33,,,
EST,779,I,IRL,2201,7.54,7.38,7.08,6.33,,,,,,,,83709,I/ERSP,9.2,,,
EST,685,IRL,,,,,,,IRL,EST-3,8.33,7.89,7.56,6.89,8.67,83611,RP,9.3,,233030,6.53
EST,18,K — EUR,KP,2205,2.25,,2.33,,,,,,,,,83952,EÜRP,-24.36,,,
EST,1603,KMU,,,,,,,,,,,,,,83719,KMÜ,5.74,,,
EST,106,MKE,,,,,,,,,,,,,,83951,,-13.86,,,
EST,83,P,,,,,,,,,,,,,,83610,VKRE,5.76,,,
EST,331,R,,,,,,,,,,,,,,83421,,0.35,,,
EST,1150,SDE — M,SDE,2204,3.08,1.69,3.38,2.67,SDE,EST-5,4.44,3.89,4.56,3.56,3.67,83410,M,-11.69,,,
EST,1361,SK,,,,,,,,,,,,,,83901,,62.5,,,
EST,1975,VEE,,,,,,,,,,,,,,,,,,,
ETH,4323,CUD|CDU,,,,,,,,,,,,,,,,,,,
ETH,4322,EPRDF,,,,,,,,,,,,,,,,,,,
ETH,4325,OFDM,,,,,,,,,,,,,,,,,,,
ETH,5836,OPDO,,,,,,,,,,,,,,,,,,,
ETH,5843,TPLF,,,,,,,,,,,,,,,,,,,
ETH,4324,UEDF,,,,,,,,,,,,,,,,,,,
FIN,2687,1-perc,EKA,1411,6.33,7.75,5.67,,,,,,,,,,,,,,
FIN,166,Deva,,,,,,,,,,,,,,14222,Deva,-42.47,,,
FIN,1859,etc,,,,,,,,,,,,,,,,,,,
FIN,703,KD,SKL; KD,1409,6.86,8.79,5.71,4.79,KD,FIN-6,6.72,6.88,5.17,4.12,4.72,14520,SKL,-9.48,,,
FIN,901,KESK,KESK,1403,5.86,6.71,6.07,4.93,Kesk,FIN-1,6.11,5.53,5.11,4.88,4.89,14810,Maal,-21.69,,,
FIN,1223,KiPu,KIPU,1413,4.75,3.75,4.5,,,,,,,,,,,,,,
FIN,495,KOK,KOK,1402,7.71,5.07,7.86,6.86,Kok,FIN-3,7.83,4.94,7.78,6.59,5,14620,KK,1.2,,,
FIN,249,L,,,,,,,,,,,,,,14420,KE,-6,,,
FIN,856,NSP,,,,,,,,,,,,,,14430,NSP,15.09,,,
FIN,1229,RKP/SFP,RKP/SFP,1406,6,2.71,6.21,4.71,SFP-RKP,FIN-7,6.94,3.35,6.83,5.59,2.56,14901,RKP/SFP,-14.2,,,
FIN,250,Rt,REM,1412,6.6,6.8,5.8,,,,,,,,,,,,,,
FIN,1303,SDP,SDP,1401,3.14,3.29,3.21,1.71,SDP,FIN-2,3.83,4.24,3.78,3.24,3.39,14320,SSDP,-23.41,,,
FIN,1096,SKDL,,,,,,,,,,,,,,14221,SKDL,-46.52,,,
FIN,1689,SP/PS,PS,1405,7.57,8.79,6.43,5.29,PS,FIN-8,5.73,6.2,4.38,3,7.44,14820,SPP,-13.81,,,
FIN,1164,TPSL,,,,,,,,,,,,,,14310,TPSL,40.52,,,
FIN,1044,VAS,VAS,1404,1.5,1.5,1.57,1.07,VAS,FIN-4,2.61,3.76,2.5,2.12,3.11,14223,VAS,-41.02,,,
FIN,479,VIHR,VIHR,1408,3.71,0.93,4.14,2.86,Vihr,FIN-5,4.24,2.47,4.61,3.65,1.94,14110,VL,-38.6,,,
FRA,2536,1-perc,MEI,617,4,3,5,,,,,,,,,,,,,,
FRA,1177,AC,AC,623,6.6,6.17,6.8,6,,,,,,,,31631,AC,-16.67,,,
FRA,399,CD,,,,,,,,,,,,,,31522,CD,-4,,,
FRA,288,CDP,,,,,,,,,,,,,,31523,CDP,-4,,,
FRA,1629,CNIP,,,,,,,,,,,,,,31622,PRL,15.4,,,
FRA,1313,CPNT,CPNT,619,7.8,7.88,7.25,,,,,,,,,,,,,,
FRA,1776,d-d,D,618,7.66,9,9,,,,,,,,,,,,,,
FRA,4364,DL,DL,615,7.07,5.92,8.17,,,,,,,,,,,,,,
FRA,3207,DLF,DLF,628,9,8.29,7,6.4,,,,,,,,,,,,,
FRA,4363,FDG,PG,624,1.7,2.4,1.11,0.7,,,,,,,,31021,FDG,-47.92,,,
FRA,5858,FI,Insoumis,627,1.25,3.12,0.88,0.62,,,,,,,,31240,,-30.02,,,
FRA,433,FN / RN,FN,610,9.75,8.12,6.88,4,FN,FRA-1,9.67,8.6,7.62,8.07,9.93,31720,FN,1.67,,,
FRA,1083,G,,,,,,,,,,,,,,31621,RPF,23.5,,,
FRA,1273,GE,,,,,,,,,,,,,,31111,GE,0,,,
FRA,5857,LaREM,LREM,626,6.33,3.17,6.33,5.83,,,,,,,,31425,,0,,,
FRA,1506,LCR,LO-LCR,614,0.14,6,0.21,,LCR,FRA-7,1.2,2.27,1.6,1,2.21,,,,,,
FRA,364,MF,RPF/MPF; MPF,612,9.1,8.91,8,7.14,,,,,,,,,,,,,
FRA,1634,MNR,MN,620,8.28,9.71,8.57,,,,,,,,,,,,,,
FRA,496,MoDem,UDF; Modem,613,6.12,4.5,6.25,5.86,MoDem,FRA-3,5.64,5.47,5.53,5.64,4.86,,,,,,
FRA,167,MR,,,,,,,,,,,,,,31529,MR,-11.7,,,
FRA,737,MRP,,,,,,,,,,,,,,31521,MRP,-6.6,,,
FRA,1255,NC,NC,621,6.27,6.22,6.89,6.43,,,,,,,,31630,NC,-24.03,,,
FRA,1251,PCF,PCF,601,1.12,3.75,1.12,0.5,PCF,FRA-6,1.93,3.2,1.8,1.27,3,31220,PCF,-16.67,,,
FRA,14,PR,PRG,603,3.82,3.42,3.75,2.78,,,,,,,,31421,RRRS,-22.38,,,
FRA,1783,PRG,,,,,,,,,,,,,,31230,PRG,-10.06,,,
FRA,1478,PS,PS,602,3,2.75,3.12,2.25,PS,FRA-4,3.8,3.13,3.87,3.4,3.92,31320,SIFO,-28.95,,,
FRA,509,RPR,,,,,,,,,,,,,,31625,RPR,3.28,,,
FRA,1580,UDCA,,,,,,,,,,,,,,31623,UDCA,21.46,,,
FRA,213,UDF,,,,,,,,,,,,,,31624,UDF,-17.92,,,
FRA,3229,UDI,,,,,,,,,,,,,,31430,UDI,13.62,,,
FRA,1595,UMP,RPR; UMP,609,7.88,6.88,8.12,7.38,UMP,FRA-2,7.73,6.47,6.4,7.73,7.31,31626,UMP,13.62,,,
FRA,1108,V,VERTS,605,2.5,1.62,2.88,2.38,Verts,FRA-5,3.2,2,2.93,2.73,1.93,31110,Les Verts,-8.64,,,
GBR,855,BNP,BNP,1109,9.93,9.53,5.85,3.67,,,,,,,,,,,,,
GBR,7364,BP,Brexit,1110,8.2,8.62,6.89,6.38,,,,,,,,,,,,,
GBR,1567,Con,Cons,1101,7.12,6.18,7.06,6.65,Con,GBR-2,6.92,5.33,6.92,6.62,5.58,51620,Conservatives,6.21,,,
GBR,335,DUP,,,,,,,,,,,,,,51903,DUP,12.26,,,
GBR,1794,GP,Green,1107,2,0.81,2.12,1.88,,,,,,,,51110,GPEW,-20.37,,,
GBR,1516,Lab,Lab,1102,1.94,2.29,1.94,1.59,Lab,GBR-1,4.46,3.25,4.46,4.15,3.17,51320,Labour,-31.84,,,
GBR,1388,LD,LibDem,1104,4.24,1.53,4.47,3.47,LDP,GBR-3,4.54,2.5,5.25,4.75,2.67,51421,LibDems,-19.6,,,
GBR,540,Lib,,,,,,,,,,,,,,51420,,-4.17,,,
GBR,1623,N,,,,,,,,,,,,,,52710,NP,-17.7,,,
GBR,8757,NILP,,,,,,,,,,,,,,52320,NILP,-12.2,,,
GBR,1002,Plaid,Plaid,1106,3.09,3,3.36,3.09,,,,,,,,51901,PC,-18.72,,,
GBR,762,SDLP,,,,,,,,,,,,,,51340,SDLP,-16.44,,,
GBR,957,SDP,,,,,,,,,,,,,,51330,SDP,-4.17,,,
GBR,963,SF,,,,,,,,,,,,,,51210,SF,-24.41,,,
GBR,986,SNP,SNP,1105,3.5,2.67,3.44,3.12,,,,,,,,51902,SNP,-24.46,,,
GBR,601,UKIP,UKIP,1108,8.69,8.2,7.73,7.07,,,,,,,,51951,UKIP,2.04,,,
GBR,1366,UUP,,,,,,,,,,,,,,51621,UUP,3.12,,,
GEO,2694,1-perc,,,,,,,,,,,,,,84810,SSFK,3.33,,,
GEO,3935,ally,,,,,,,,,,,,,,84041,,1.56,,,
GEO,2162,AM,,,,,,,AM,GEO-4,7.56,4.86,8.29,5.86,4.29,84431,AM,7.98,,,
GEO,6114,APG,,,,,,,,,,,,,,84730,,19.96,,,
GEO,2150,AS,,,,,,,,,,,,,,84432,AS,-15.94,,,
GEO,2151,B-11-O,,,,,,,,,,,,,,84421,,25.58,,,
GEO,2152,B-P,,,,,,,,,,,,,,84221,Mshvidoba,8.86,,,
GEO,2146,BDA,,,,,,,,,,,,,,84430,BD,41.11,,,
GEO,2173,BE,,,,,,,,,,,,,,84422,,3.51,,,
GEO,2145,BP,,,,,,,,,,,,,,84425,BP,8.97,,,
GEO,2168,DAP,,,,,,,,,,,,,,84424,SSAK,-5.75,,,
GEO,4553,DG,,,,,,,,,,,,,,84952,,-4.06,,,
GEO,2149,DP,,,,,,,,,,,,,,84423,DP,-5.88,,,
GEO,2172,ENM,,,,,,,ENM,GEO-1,6,4.62,8.12,3.78,4,84716,S-NM,6.77,,268101,5.58
GEO,2157,Greens,,,,,,,,,,,,,,84110,Greens,9.76,,,
GEO,2158,ICS,,,,,,,,,,,,,,84712,ICS,5.06,,,
GEO,2147,K91,,,,,,,,,,,,,,84411,,20.73,,,
GEO,2349,KDM,,,,,,,KDM,GEO-2,6,6.5,5.83,3.17,4.78,84530,KDM,-20.37,,,
GEO,2163,KMSP,,,,,,,,,,,,,,84951,KMSP,8.51,,,
GEO,2988,KODS,,,,,,,,,,,,,,84042,,-19.02,,,
GEO,2169,KTK,,,,,,,,,,,,,,84710,KTK,14.93,,,
GEO,2159,MGS,,,,,,,,,,,,,,84428,MGS,10.56,,,
GEO,4551,MM-TST,,,,,,,,,,,,,,84095,,2.66,,,
GEO,2161,NDPG,,,,,,,,,,,,,,84711,EDP,22.74,,,
GEO,2164,PKT,,,,,,,,,,,,,,84426,PKT,22.58,,,
GEO,2154,SEDP,,,,,,,,,,,,,,84715,SEDP,64.52,,,
GEO,7088,SEKP,,,,,,,,,,,,,,,,,,,
GEO,2171,SETAK,,,,,,,,,,,,,,84714,SETAK,6.82,,,
GEO,4552,SF,,,,,,,,,,,,,,84720,,-0.64,,,
GEO,2170,SGK,,,,,,,,,,,,,,84521,SGK,24.24,,,
GEO,4540,SKP,,,,,,,,,,,,,,84220,SKP,14.09,,,
GEO,2153,SLP,,,,,,,SLP,GEO-3,2.62,6.17,2.67,2.75,4.71,84429,SLP,-5.8,,268108,5.67
GEO,2148,SMK,,,,,,,,,,,,,,84323,SMK,21.21,,,
GEO,2156,SMSP,,,,,,,,,,,,,,84222,SMSP,5.43,,,
GEO,2165,SRKET,,,,,,,,,,,,,,84427,SRKET,14.11,,,
GEO,4554,SRP,,,,,,,,,,,,,,84440,Respublikelebi,3.42,,,
GEO,2166,SSDP,,,,,,,,,,,,,,84321,SSDP,20.27,,,
GEO,2160,SSMKS,,,,,,,,,,,,,,84713,SSMKS,25,,,
GEO,2167,SSP,,,,,,,,,,,,,,84223,SSP,-13.85,,,
GEO,2155,SSSK,,,,,,,,,,,,,,84322,SSSK,-14.63,,,
GHA,4840,ACP,,,,,,,,,,,,,,,,,,,
GHA,3660,CPP,,,,,,,,,,,,,,,,,CPP,288028,5.56
GHA,2311,NDC,,,,,,,NDC,GHA-2,5.78,5.83,3.69,3.25,4.77,,,,NDC,288026,5.46
GHA,2312,NPP,,,,,,,NPP,GHA-1,7.5,4.08,7.92,5.3,4.77,,,,NPP,288027,5.73
GHA,2310,PNC,,,,,,,PNC,GHA-3,4.67,3.33,3,2.5,3,,,,,,
GHA,2706,unknown,,,,,,,,,,,,,,,,,,,
GRC,1651,ANEL,ANEL,412,8.78,8.56,5.11,5.17,,,,,,,,34730,ANEL,,,,
GRC,1682,DIKKI,DIKKI,409,5,6.67,2.6,0.6,,,,,,,,34314,DIKKI,-17.17,,,
GRC,1160,DIMAR,DIMAR,414,3.22,2.56,3.44,2.44,,,,,,,,34213,DIMAR,,,,
GRC,82,EDIK,,,,,,,,,,,,,,34510,EK,-16.33,,,
GRC,2510,EK,,,,,,,,,,,,,,34410,EK,-1.39,,,
GRC,7347,EL,EL,416,9,9.38,4.38,3.57,,,,,,,,,,,,,
GRC,943,EP,,,,,,,,,,,,,,34610,EP,12.28,,,
GRC,3212,KIDISO,KIDISO,418,4.2,3.2,4.8,3.6,,,,,,,,,,,,,
GRC,48,KKE,KKE,404,0.22,6.62,0.11,0.11,KKE,GRC-3,1.47,3.2,1.07,1.67,2.5,34210,KKE,-44.35,,,
GRC,965,LAOS,LAOS,410,8.67,8.33,5.33,5.5,LAOS,GRC-5,9.13,9,3.56,3.11,8.8,34710,LAOS,7.02,,,
GRC,4512,LE,,,,,,,,,,,,,,34214,LAE,-40.43,,,
GRC,1660,LS/CA,XA,415,10,10,3.38,2.75,,,,,,,,34720,XA,,,,
GRC,7348,MeRA25,MR25,417,1.43,0.67,1.75,1,,,,,,,,,,,,,
GRC,794,ND,ND,402,7.11,7.44,7.22,7.33,ND,GRC-1,7,6.4,7,6,6.07,34511,ND,17.52,,,
GRC,378,OP,OP,411,2.25,0.62,2.62,1.62,,,,,,,,,,,,,
GRC,1468,PASOK,PASOK,401,4.33,3.89,4.22,3.78,PASOK,GRC-2,4.4,3.2,4.86,4.47,3.47,34313,PASOK,-24.45,,,
GRC,312,POLAN,POLA,408,7.57,7,6.71,,,,,,,,,34512,Pola,16.62,,,
GRC,516,SYN,,,,,,,,,,,,,,34211,SYN,-24.95,,,
GRC,301,SYRIZA,SYN; SYRIZA,403,2.33,2.44,2.22,1.33,SYRIZA,GRC-4,2.07,1.14,1.8,2.27,1.8,34020,SYRIZA,-35.56,,,
GRC,3118,TP,Potami,413,4.89,2.11,5.67,4,,,,,,,,34340,,,,,
GTM,2714,1-perc,,,,,,,PSN,GTM-6,8.14,6.33,6.2,5.5,7.5,,,,,,
GTM,941,FRG,,,,,,,FRG,GTM-1,7.3,7.22,4.9,4.5,6.3,,,,,,
GTM,538,GANA,,,,,,,GANA,GTM-2,8.5,5.88,7.3,5.9,7.2,,,,,,
GTM,2487,INT,,,,,,,INT,GTM-3,6,5,6,5,5,,,,,,
GTM,1035,PAN,,,,,,,PAN,GTM-4,8.11,6.29,6.7,5.8,7.56,,,,,,
GTM,524,PP,,,,,,,PP,GTM-5,8.9,5.44,7.2,6,7.7,,,,,,
GTM,1668,UNE,,,,,,,UNE,GTM-7,4.7,5.56,4.6,3.4,4,,,,,,
HKG,4518,CP,,,,,,,,,,,,,,,,,,344003,6.16
HKG,5620,DAB,,,,,,,,,,,,,,,,,DAB,344004,4.74
HKG,4519,DP,,,,,,,,,,,,,,,,,,344005,5.9
HKG,5621,HKFTU,,,,,,,,,,,,,,,,,FTU,344009,5.07
HKG,4521,Lab,,,,,,,,,,,,,,,,,,344012,6
HKG,4520,PP,,,,,,,,,,,,,,,,,,344019,5.98
HND,593,PLH,,,,,,,PL,HND-1,6.92,6.58,6.92,6.33,6,,,,,,
HND,1416,PNH,,,,,,,PN,HND-2,6.09,6.83,6.5,6.25,6,,,,,,
HRV,2524,1-perc,HKS,3119,9.26,9.48,6,5.08,,,,,,,,81112,ZAS,5.17,,,
HRV,3918,ally,,,,,,,,,,,,,,81959,DA-IDS-RDS,0.45,,,
HRV,5452,BM 365,MB,3117,5.64,6.04,3.67,3.27,,,,,,,,81961,,16.39,,,
HRV,3143,CL — LP,HL-SR,3112,2,2.12,2,1.25,,,,,,,,81230,HL,-48.44,,,
HRV,8606,DA,,,,,,,,,,,,,,81954,DA,0,,,
HRV,8608,DK,,,,,,,,,,,,,,81061,,9.09,,,
HRV,2347,HDSSB,HDSSB,3107,8.41,8.55,5.06,3.67,HDSSB,HRV-9,8.5,7.87,4.12,4.1,8.2,81952,HDSSB,31.82,,,
HRV,1431,HDZ,HDZ,3101,6.88,7.12,4.83,4.55,HDZ,HRV-1,7.38,7.38,4.38,5,6.38,81711,HDZ,-2.79,,,
HRV,3135,HND,,,,,,,,,,,,,,81430,HND,3.76,,,
HRV,799,HNS — LD,HNS,3105,4.29,1.92,6.29,5.95,HNS,HRV-3,3.56,2,6.25,6.31,2,81712,HNS,-5.14,,,
HRV,214,HSLS,HSLS,3104,5.35,3.55,6.96,6.71,HSLS,HRV-5,5.5,3.38,6.81,5.94,4.38,81410,HSLS,13.89,,,
HRV,8842,HSLS — SDP,,,,,,,,,,,,,,81021,SDP-HSLS,-11.61,,,
HRV,253,HSP,HSP,3109,9.25,9.38,4.71,4.25,HSP,HRV-6,9,8.31,3.56,4,8.25,81713,HSP,57.33,,,
HRV,3706,HSP-AS,HSP-AS,3113,9,9.25,4.75,4,,,,,,,,,,,,,
HRV,72,HSS,HSS,3103,4.67,4.67,3.55,3.43,HSS,HRV-4,7.31,7.62,2.5,3.2,5.88,81810,HSS,-8.8,,,
HRV,2062,HSU,HSU,3108,4.4,4.94,2.76,2.33,HSU,HRV-7,5.14,4.5,2.36,2.13,3.75,81957,HSU,-24.41,,,
HRV,2523,I — IG,,,,,,,,,,,,,,81440,,-8.7,,,
HRV,513,IDS,IDS,3106,3.25,1.33,5.26,4.48,IDS,HRV-8,3.33,2,6.29,5.77,1.56,81953,IDS,-5.79,,,
HRV,2522,KK,,,,,,,,,,,,,,81032,Kukuriku,-10.05,,,
HRV,3643,KNS,,,,,,,,,,,,,,81420,KNS,10.87,,,
HRV,4078,KPH/SKH,,,,,,,,,,,,,,81229,SKH-SDP-SSH,-5.22,,,
HRV,381,LS,,,,,,,,,,,,,,81411,LS,-11.31,,,
HRV,4865,Most,Most,3115,7.83,8.5,5.77,4.45,,,,,,,,81460,MOST,-3.11,,,
HRV,4866,NS — R,NS-R,3118,4.64,2.95,6,5.76,,,,,,,,81450,,32.95,,,
HRV,8628,OOP,,,,,,,,,,,,,,81022,,,,,
HRV,3201,ORaH,ORaH,3114,2.44,1,3,3.12,,,,,,,,,,,,,
HRV,3133,RiDS-PGS,,,,,,,,,,,,,,81955,RiDS,3.33,,,
HRV,8037,SBHS,,,,,,,,,,,,,,81956,SBHS,7.56,,,
HRV,2502,SDA,,,,,,,,,,,,,,,,,,,
HRV,1475,SDP,SDP,3102,3.42,2.29,3.83,3.55,SDP,HRV-2,2.94,1.75,3.06,3.12,2.19,81220,SKH-SDP,-9.27,,,
HRV,2348,SDSS,SDSS,3110,3.08,2.9,2.74,3.05,SDSS,HRV-10,3.67,3.27,3.33,2.82,1.62,81910,SDSS,-15.73,,,
HRV,2525,SNS,,,,,,,,,,,,,,81951,SNS,8.11,,,
HRV,2651,unknown,,,,,,,,,,,,,,81111,SZH,-1.64,,,
HRV,4867,ZiZi,ZZ,3116,4.79,4.96,3.19,2.81,,,,,,,,81960,,-41.01,,,
HRV,3648,ZL,,,,,,,,,,,,,,81899,ZL,3.63,,,
HUN,2721,1-perc,,,,,,,,,,,,,,,,,,,
HUN,1132,ASZ,,,,,,,,,,,,,,86811,ASz,1.72,,,
HUN,1779,CP,CP,2306,4.83,5.55,5.5,,,,,,,,,,,,,,
HUN,469,DK,DK,2311,3.33,2.13,4.67,4.07,,,,,,,,86221,DK,-12.65,,,
HUN,2458,Egyutt,E14,2310,3.57,1.43,4.67,2.75,,,,,,,,86340,E14-PM,-15.63,,,
HUN,1691,Fidesz,Fidesz-M,2302,8.33,9.2,3.73,5,Fidesz,HUN-3,7.53,6.5,3.57,4.38,5.79,86421,FiDeSz,48.66,,,
HUN,6366,Fidesz — KDNP,,,,,,,,,,,,,,,,,,,
HUN,1294,FKgP,,,,,,,,,,,,,,86810,FKgP,6.33,,,
HUN,42,Jobbik,JOBBIK,2308,7.73,8.07,4.13,4.64,,,,,,,,86710,Jobbik,-15.12,,,
HUN,1412,KDNP,KDNP,2307,7.59,8.29,3.06,4.36,KDNP,HUN-2,7.93,7.92,3.5,3.54,6.29,86522,KDNP,-4.29,,,
HUN,1650,LMP,LMP,2309,3.93,3.07,3.73,4,,,,,,,,86110,LMP,-20.09,,,
HUN,1697,MDF,MDF,2303,6.33,6.4,5.93,5.75,MDF,HUN-4,6.67,5.54,6.5,6.21,5.69,86521,MDF,11.16,,,
HUN,1597,MIEP,MIEP,2305,9.71,9.69,4,,,,,,,,,86620,MIÉP,22.82,,,
HUN,8249,MM,MM,2314,4.4,1.6,5.93,4.36,,,,,,,,,,,,,
HUN,1726,MSzDP,,,,,,,,,,,,,,86320,MSzDP,-22.64,,,
HUN,1408,MSZP,MSzP,2301,3.4,3.73,4,3.5,MSZP,HUN-5,2.86,4.5,5.57,4.86,4.21,86220,MSzP,-19.82,,,
HUN,3115,PM,,,,,,,,,,,,,,,,,,,
HUN,910,SzDSz,SzDSz,2304,4,1.43,6.75,6.09,SZDSZ,HUN-1,4.73,2.64,6.93,6,2.93,86422,SzDSz,9.61,,,
IDN,2304,Golkar,,,,,,,Partai Golkar,IDN-2,5.75,5.31,5.15,5.07,3.83,,,,,,
IDN,2557,PAN,,,,,,,PAN,IDN-1,5.85,6,4.08,4.38,4.33,,,,,,
IDN,2561,PD,,,,,,,PD,IDN-3,5.92,5.42,5.5,5,3.92,,,,,,
IDN,4498,PDI,,,,,,,,,,,,,,,,,,,
IDN,2560,PDIP,,,,,,,PDIP,IDN-4,3.15,4.46,3.21,2.93,3.83,,,,,,
IDN,2559,PKB,,,,,,,PKB,IDN-5,5.15,5.43,3.69,3.71,4.33,,,,,,
IDN,4476,PKP,,,,,,,,,,,,,,,,,,,
IDN,2556,PKS,,,,,,,PKS,IDN-6,5.77,7.21,3.71,3.79,5.58,,,,,,
IDN,2558,PPP,,,,,,,PPP,IDN-7,5.85,7.31,4,4.14,5.5,,,,,,
IND,1571,AIADMK,,,,,,,Anna DMK,IND-15,5.4,5.08,5.15,3.67,2.77,,,,,,
IND,2494,AITMC,,,,,,,AITC,IND-12,5.15,4.2,3.5,2.56,2.9,,,,,,
IND,2495,BJD,,,,,,,BJD,IND-13,5.46,3,4.6,4.17,3.88,,,,,,
IND,422,BJP,,,,,,,BJP,IND-2,9.22,8,6.35,6.11,8.6,,,,BJP,356068,5.73
IND,937,BSP,,,,,,,BSP,IND-1,4.18,3.88,3.24,2.77,2.47,,,,,,
IND,408,CPI,,,,,,,CPI,IND-3,1.61,2.86,2.61,2.82,2.46,,,,,,
IND,893,CPI(M),,,,,,,CPI/M,IND-4,1.64,2.94,2.6,2.83,2.44,,,,,,
IND,17,DMK,,,,,,,DMK,IND-14,4.33,4.62,4.92,3.62,2.38,,,,,,
IND,4104,ICS,,,,,,,,,,,,,,,,,,,
IND,1297,INC,,,,,,,INC,IND-5,5.51,3.95,5.84,4.1,3.23,,,,INC,356067,6.03
IND,2496,JD(S),,,,,,,JD(S),IND-17,4.77,4.4,5.1,4,2.22,,,,JDS,356016,5.48
IND,2498,JD(U),,,,,,,JD(U),IND-7,4.86,3.5,4.44,4.24,2.96,,,,,,
IND,2490,NCP,,,,,,,NCP,IND-6,5.26,3.94,5.16,4.9,3.44,,,,,,
IND,2497,RJD,,,,,,,RJD,IND-8,4.24,3.84,4,3.53,2.69,,,,RJD,356003,5.41
IND,2499,SAD,,,,,,,SAD,IND-9,7.95,6.94,5.84,5.38,3.42,,,,,,
IND,2491,SP,,,,,,,SP,IND-10,4.07,3.35,4.11,3.5,2.03,,,,SP,356017,5.65
IND,2394,SS,,,,,,,SS,IND-11,8.5,8.57,4.77,5.09,7.79,,,,,,
IND,2492,TDP,,,,,,,TDP,IND-16,5.35,4.31,6.63,3.71,3.53,,,,,,
IRL,2737,1-perc,,,,,,,,,,,,,,53250,WUA,-18.11,,,
IRL,8242,AAA / S,,,,,,,,,,,,,,53240,AAA,-32.16,,,
IRL,3954,ally,,,,,,,,,,,,,,53981,,15.07,,,
IRL,1354,CnP,,,,,,,,,,,,,,53714,CnP,-3.92,,,
IRL,1024,CnT,,,,,,,,,,,,,,53810,CnT,0,,,
IRL,1172,DLP,,,,,,,,,,,,,,53221,DLP,-12.31,,,
IRL,4870,DS,DS,710,3,2.83,2.33,2.83,,,,,,,,53321,,-32.81,,,
IRL,1055,FF,FF,701,5.43,5.71,5.43,4.86,FF,IRL-1,6.33,6.11,5.89,5.11,6.25,53620,,-26.76,,,
IRL,1288,FG,FG,702,5.86,4.29,6.43,5.86,FG,IRL-2,6.89,6.11,6.22,6,6,53520,,-18.11,,,
IRL,1775,Greens,GP,705,3.14,2.14,3.14,3,Green,IRL-5,3.11,2.78,4.38,4.22,3.67,53110,Greens,-32.09,,,
IRL,8181,I4C,I4C,711,3.25,3,2.75,3.75,,,,,,,,,,,,,
IRL,562,Lab,Lab,703,3.57,2.86,3.57,3.29,Lab,IRL-6,3.44,3.22,4.22,4,3.62,53320,Labour,-27.8,,,
IRL,242,PBPA,PBPA,709,0.8,2,0.4,1,,,,,,,,53231,PBPA,-47.92,,,
IRL,924,PD,PD,706,8.1,4.11,8.5,7.33,PD,IRL-3,8.44,2.67,8.11,8.11,4.88,53420,PD,-6.86,,,
IRL,4869,RI,RI,712,8,7.8,7.6,7.75,,,,,,,,,,,,,
IRL,4,SF,SF,707,2.57,4.43,2.14,2.29,SF,IRL-4,2,3.5,3.11,3,5.29,53951,SF,-12.51,,,
IRL,1448,SP,SP,708,0.88,1.86,0.5,0.86,,,,,,,,53230,,-16.9,,,
IRL,1978,ULA,,,,,,,,,,,,,,53021,ULA,-30.93,,,
IRL,208,WP,,,,,,,,,,,,,,53220,WP,-32.36,,,
IRN,4686,unknown,,,,,,,,,,,,,,,,,,,
IRQ,3953,ally,,,,,,,,,,,,,,,,,,368018,6.18
IRQ,3661,BG,,,,,,,,,,,,,,,,,Goran,368019,4.73
IRQ,5615,IDP,,,,,,,,,,,,,,,,,,368016,7.38
IRQ,5618,IIP,,,,,,,,,,,,,,,,,IIP,368005,5.71
IRQ,5619,ISCI,,,,,,,,,,,,,,,,,,368017,6.36
IRQ,5617,KDP,,,,,,,,,,,,,,,,,KDP,368003,5.36
IRQ,5616,PUK,,,,,,,,,,,,,,,,,PUK,368004,4.83
ISL,1325,A,,,,,,,,,,,,,,15320,A,-19.64,,,
ISL,1249,Ab,,,,,,,,,,,,,,15220,So,-24.61,,,
ISL,224,B,,,,,,,,,,,,,,15430,B,-1.61,,,
ISL,1433,Bf,,,,,,,,,,,,,,15621,Bf,-0.1,,,
ISL,2517,BF,,,,,,,,,,,,,,15440,Bf,-14.71,,,
ISL,854,BJ,,,,,,,,,,,,,,15321,BJ,-15.1,,,
ISL,7565,CP,,,,,,,,,,,,,,,,,,,
ISL,964,F,,,,,,,,,,,,,,15810,F,-55,,,
ISL,1224,Ff,,,,,,,,,,,,,,15420,FF,-0.62,,,
ISL,5852,FlF,,,,,,,,,,,,,,,,,,,
ISL,457,Graen,,,,,,,,,,,,,,15111,VGF,-28.62,,,
ISL,2048,Pi,,,,,,,,,,,,,,15952,Þ,-26.1,,,
ISL,1396,Sam,,,,,,,,,,,,,,15328,S,-30.19,,,
ISL,1517,Sfvm,,,,,,,,,,,,,,15322,SFVM,-22.2,,,
ISL,363,Sj,,,,,,,,,,,,,,15620,Sj,-0.63,,,
ISL,525,Sk,,,,,,,,,,,,,,15951,Kv,-20.95,,,
ISL,494,Th-Ff,,,,,,,,,,,,,,15323,TfFf,-11.41,,,
ISL,673,Thva,,,,,,,,,,,,,,15710,Tf,-9.3,,,
ISL,5454,V,,,,,,,,,,,,,,,,,,,
ISR,615,A,,,,,,,,,,,,,,72320,AMT,14.29,,,
ISR,640,AE,,,,,,,,,,,,,,72312,,-25.64,,,
ISR,1398,AH,,,,,,,,,,,,,,72325,,33.33,,,
ISR,3955,ally,,,,,,,,,,,,,,72328,,-2.29,,,
ISR,641,AY,,,,,,,,,,,,,,72531,,9.09,,,
ISR,1663,Balad,,,,,,,,,,,,,,72903,BaLaD,3.65,,,
ISR,1380,DASH,,,,,,,,,,,,,,72412,DASH,17.65,,,
ISR,942,DH,,,,,,,,,,,,,,72614,,0,,,
ISR,198,Gahal,,,,,,,,,,,,,,72621,Gahal,26.19,,,
ISR,3121,Gil,,,,,,,Gil,ISR-7,5.36,5.27,3.73,2.96,5.82,72951,Gil,,,,
ISR,421,Hadash,,,,,,,,,,,,,,72225,HADASH,-31.74,,,
ISR,3127,Hat,,,,,,,,,,,,,,72431,,-1.62,,,
ISR,1655,Herut,,,,,,,,,,,,,,72620,,71.43,,,
ISR,3677,HH,,,,,,,,,,,,,,72701,,38.78,,,
ISR,729,HH,,,,,,,,,,,,,,72427,,34.62,,,
ISR,953,HH — T,,,,,,,NU,ISR-6,9.04,8.69,4.62,4.25,8.52,72624,IL,59.09,,,
ISR,7912,JL,,,,,,,,,,,,,,72091,,-17.02,,,
ISR,484,Kadima,,,,,,,Kadima,ISR-1,5.58,5,7.04,6.58,5.84,72430,,-12.24,,,
ISR,3273,Kulanu,,,,,,,,,,,,,,72450,,-22.45,,,
ISR,1036,L,,,,,,,Likud,ISR-4,8,6.56,6.96,6.36,7.77,72622,Likud,,,,
ISR,434,LA,,,,,,,,,,,,,,72410,,10.53,,,
ISR,1436,Labor,,,,,,,Labor,ISR-2,4,4.2,4.58,4.38,4.27,72323,HaAvoda,-9.22,,,
ISR,1664,M,,,,,,,,,,,,,,72615,,53.33,,,
ISR,425,M,,,,,,,,,,,,,,72534,,68.97,,,
ISR,447,Mada,,,,,,,,,,,,,,72901,Ra'am,,,,
ISR,1447,Mafdal,,,,,,,,,,,,,,72530,Mafdal,25.42,,,
ISR,1417,Maki,,,,,,,,,,,,,,72220,Maki,32.81,,,
ISR,109,Mapai,,,,,,,,,,,,,,72324,Mapai,0,,,
ISR,169,Mapam,,,,,,,,,,,,,,72311,MAPAM,-37.5,,,
ISR,3131,Meretz,,,,,,,?????? ?????-???,ISR-9,1.96,2.12,4.15,4.58,2.73,72326,MERETZ,-21.97,,,
ISR,1061,MiHa/CP,,,,,,,,,,,,,,72415,,2.56,,,
ISR,678,MiHal,,,,,,,,,,,,,,72411,,13.1,,,
ISR,1309,MOKED,,,,,,,,,,,,,,72221,MOKED,-40.35,,,
ISR,555,O,,,,,,,,,,,,,,72425,,60,,,
ISR,597,OZ — KH,,,,,,,,,,,,,,72610,,61.54,,,
ISR,784,PLP,,,,,,,,,,,,,,72222,PLP,-23.53,,,
ISR,396,Rafi,,,,,,,,,,,,,,72322,RAFI,1.54,,,
ISR,907,Rakah,,,,,,,,,,,,,,72224,RAKAH,-37.14,,,
ISR,1358,RATZ,,,,,,,,,,,,,,72310,RATZ,-26.47,,,
ISR,948,RM,,,,,,,,,,,,,,72611,,50,,,
ISR,455,SHAS,,,,,,,Shas,ISR-3,7.67,9.69,3.12,2.92,7.92,72533,Shas,,,,
ISR,1239,SHELLI,,,,,,,,,,,,,,72223,SHELLI,-3.45,,,
ISR,557,Shinui,,,,,,,,,,,,,,72413,SHINUI,8.41,,,
ISR,1394,Shl,,,,,,,,,,,,,,72623,,46.15,,,
ISR,3147,Taal,,,,,,,,,,,,,,72092,Ra'am-Ta'al,0,,,
ISR,1734,TAMI,,,,,,,,,,,,,,72532,TAMI,52.94,,,
ISR,638,Tehiya,,,,,,,,,,,,,,72612,Tehiya,57.69,,,
ISR,745,Tzomet,,,,,,,,,,,,,,72613,Tzomet,-20,,,
ISR,999,Y,,,,,,,,,,,,,,72414,,23.53,,,
ISR,1314,YA,,,,,,,,,,,,,,72327,,4.17,,,
ISR,1053,YB,,,,,,,,,,,,,,72428,,13.64,,,
ISR,235,YB,,,,,,,YB,ISR-5,9.08,4.78,7.5,5.68,8.5,72625,,31.52,,,
ISR,3128,Yesh,,,,,,,,,,,,,,72440,,-15.11,,,
ISR,1075,YH,,,,,,,UTJ,ISR-8,7.52,9.58,3.13,3.5,7.82,72535,,,,,
ISR,1489,ZK,,,,,,,,,,,,,,72420,,36.49,,,
ITA,2415,1-perc,SD,842,2.14,1.14,1.86,1,,,,,,,,32903,ALD,-17.71,,,
ITA,614,AD,CU/UD,817,5,5,5,,,,,,,,,32529,AD,33.67,,,
ITA,813,AN,AN,805,7.33,7.33,5.22,4.88,AN,ITA-2,8.46,8.52,4.77,5.73,8.08,,,,,,
ITA,1767,CCD,CCD; UDC,814,5.29,7.86,5.29,6,,,,,,,,32521,CCD,35.19,,,
ITA,962,CCD/CDU,,,,,,,,,,,,,,32522,,18.68,,,
ITA,2278,CD,CD,843,5,6.29,5,5,,,,,,,,32450,CD,24.49,,,
ITA,6241,CdL,,,,,,,,,,,,,,32629,,48.19,,,
ITA,763,CDU,CDU,818,6,7.85,5.29,,,,,,,,,,,,,,
ITA,934,DC,,,,,,,,,,,,,,32520,DC,18.03,,,
ITA,1327,DE,,,,,,,,,,,,,,32901,DE,-8.8,,,
ITA,279,DL — M,DEM; DL,819,4,5.13,4.43,3.33,,,,,,,,32421,M-DL,-7.58,,,
ITA,1429,DP,,,,,,,,,,,,,,32211,DP,-21.11,,,
ITA,878,DS,PDS; DS,802,2.71,2.88,3,2.17,,,,,,,,,,,,,
ITA,2280,FdI,FDL,844,9.05,9.42,6.39,5.53,,,,,,,,32630,FDI-CDN,7.69,,,
ITA,851,FdV,FdV;Verdi,808,1.75,0.75,2,2,,,,,,,,32110,FdV,-17.71,,,
ITA,1626,FI,FI,815,6.95,6.84,7.84,6.89,FI,ITA-1,8.08,7.48,7.27,8.2,7.46,32610,FI,15.62,,,
ITA,1782,Giras,,,,,,,,,,,,,,32111,,-7.58,,,
ITA,768,IdV,IdV,828,4,3.5,4.71,3.75,IdV,ITA-5,4.88,5,4.54,4.12,4.52,32902,IdV,9.3,,,
ITA,365,IPdL,,,,,,,,,,,,,,32061,PdL,3.81,,,
ITA,2134,LB,LB,820,4.6,0.6,8.2,,,,,,,,,,,,,,
ITA,1221,LN,LN,811,8.79,9.21,7.68,7.32,LN,ITA-3,8.67,8.32,6.42,6.8,8.67,32720,LN,4.66,,,
ITA,131,LR,,,,,,,,,,,,,,32951,LR,0,,,
ITA,1372,LU,,,,,,,,,,,,,,32955,,-17.71,,,
ITA,2046,M5S,M5S,845,4.78,3.74,3.21,1.89,,,,,,,,32956,M5S,-7.43,,,
ITA,1045,MpA,,,,,,,MpA,ITA-9,6.82,7.92,4.14,5.42,5.64,,,,,,
ITA,1165,MRE,MRE,832,4.33,3.83,4.75,4.5,,,,,,,,,,,,,
ITA,1101,MSFT,MS,821,9.67,9.6,5.17,,,,,,,,,,,,,,
ITA,1696,MSI,,,,,,,,,,,,,,32710,MSI,48.19,,,
ITA,2052,NCD,NCD,848,6.14,8,6,7,,,,,,,,,,,,,
ITA,888,NPSI,NPSI,835,5.43,3.57,5.67,5.2,,,,,,,,32611,NPSI,48.19,,,
ITA,802,PD,PD,837,3.21,2.26,3.58,2.72,PD,ITA-4,3.69,3.75,3.85,3.16,3.12,32440,PD,-8.27,,,
ITA,1635,PdCI,PdCI,836,0.8,1.29,1,0.71,,,,,,,,32213,PdCI,-17.71,,,
ITA,8054,PDS,,,,,,,,,,,,,,32220,PCI,-7.58,,,
ITA,598,PdUP,PdUP,822,2.17,3,1,,,,,,,,,32210,PdUP,-14.32,,,
ITA,203,PI,,,,,,,,,,,,,,32528,PI,10.89,,,
ITA,1461,PLI,,,,,,,,,,,,,,32420,PLI,10.56,,,
ITA,772,PP,PP,830,5.75,8,4.5,3.75,,,,,,,,,,,,,
ITA,1701,PPI,PPI,823,4.42,5.38,4.21,,,,,,,,,,,,,,
ITA,1404,PRC,RC,803,0.29,1,0.14,0.25,PRC,ITA-7,1.46,2.44,1.42,1.31,1.67,32212,PRC,-17.71,,,
ITA,394,PRI,PRI,806,5,5.17,5.8,,,,,,,,,32410,PRI,36.74,,,
ITA,688,PS,SEG,826,6,4.6,6.4,,,,,,,,,,,,,,
ITA,877,PSA,PsDA,824,4.2,6.25,3.67,,,,,,,,,,,,,,
ITA,1126,PSDI,PSDI; SDI,807,3.86,1.38,3.83,3,,,,,,,,32330,PSLI,2.33,,,
ITA,742,PSI,PSI,839,4.14,1.5,3.33,2.75,,,,,,,,32320,PSI,8.02,,,
ITA,1218,PSU,,,,,,,,,,,,,,32322,PSI-PSDI,-18.7,,,
ITA,1449,R,RAD,813,4.31,0.41,6.6,5.71,,,,,,,,32310,PR,33.33,,,
ITA,2277,RC,,,,,,,,,,,,,,32021,RC,-20.53,,,
ITA,259,RiI,RI,825,5.23,5.83,5.77,,,,,,,,,32321,RI,35.29,,,
ITA,1711,RnP,,,,,,,,,,,,,,32221,RnP,-17.71,,,
ITA,2281,SC,SC,846,5.43,5.43,7.57,6.75,,,,,,,,32460,SC,1.19,,,
ITA,1212,SI,SL; SEL,838,1.44,0.69,1,1,,,,,,,,32230,SEL,-19.43,,,
ITA,1369,SVP,SVP,827,5.17,6.67,5.12,5.2,SVP,ITA-8,5.39,6.92,4.85,4.86,4.15,32904,SVP,6.76,,,
ITA,201,UdC,,,,,,,UdC,ITA-6,5.81,7.72,4.85,5.08,5.13,32530,UDC,33.65,,,
ITA,115,UDEUR,UDEUR,829,5,7.75,4.29,3.67,,,,,,,,32953,P-UDEUR,-17.71,,,
ITA,1737,Ulivo,,,,,,,,,,,,,,32329,,-17.71,,,
ITA,6242,VdA,VdA,847,4.83,6,4.5,2,,,,,,,,32906,,-18.18,,,
JAM,2308,JLP,,,,,,,JLP,JAM-1,5.73,7,4.85,4.69,3.5,,,,,,
JAM,2309,PNP,,,,,,,PNP,JAM-2,5.2,6.08,4.38,4.31,2.86,,,,,,
JOR,4537,IAF,,,,,,,,,,,,,,,,,,,
JOR,5588,ICP,,,,,,,,,,,,,,,,,,,
JPN,2750,1-perc,,,,,,,,,,,,,,71640,,-28.85,,,
JPN,1804,DPJ,,,,,,,DPJ,JPN-2,5.47,4.33,5.82,4.27,4.38,71624,DPJ,-28.2,DPJ,392002,5.2
JPN,867,DSP,,,,,,,,,,,,,,71321,DSP,-25.71,,,
JPN,736,JCP,,,,,,,JCP,JPN-4,1.21,2.95,2.16,1.95,2.32,71220,JCP,-37.31,,,
JPN,88,JNP,,,,,,,,,,,,,,71952,JNP,-4.35,,,
JPN,2080,JReP,,,,,,,,,,,,,,71430,JRP,15.44,,,
JPN,1109,JRP,,,,,,,,,,,,,,71622,JRP,-31.71,,,
JPN,3,JSP/SDP,,,,,,,JSD,JPN-5,1.84,2.42,2.47,2.47,2.26,71320,JSP,-39.72,,,
JPN,1515,K,,,,,,,Komeito,JPN-3,5.89,5.67,4,3.33,3.94,71530,CGP,-21.8,,,
JPN,1746,LDP,,,,,,,LDP,JPN-1,8.21,8.21,5.33,5.69,7.83,71620,LDP,-2.04,LDP,392001,6.66
JPN,348,LL,,,,,,,,,,,,,,71420,LL,-26.09,,,
JPN,13,LP,,,,,,,,,,,,,,71625,LP,15,,,
JPN,702,NCP,,,,,,,,,,,,,,71626,NCP,6.47,,,
JPN,282,NFP,,,,,,,,,,,,,,71623,NFP,4,,,
JPN,1524,NLC,,,,,,,,,,,,,,71621,NLC,-10.13,,,
JPN,692,NPN,,,,,,,,,,,,,,71953,NPN,-42.71,,,
JPN,392,NPS,,,,,,,,,,,,,,71951,NPH,-25.58,,,
JPN,3215,PFG/PJK,,,,,,,,,,,,,,71710,PFG,,,,
JPN,352,PNP,,,,,,,,,,,,,,71630,PNP,-16.86,,,
JPN,1100,PPLF,,,,,,,,,,,,,,71111,PLP,-34.94,,,
JPN,492,SDF,,,,,,,,,,,,,,71322,SDF,-20.69,,,
JPN,2079,TPJ,,,,,,,,,,,,,,71110,,-31.65,,,
JPN,1777,YP,,,,,,,,,,,,,,71410,,-2.38,YP,392017,5.54
KAZ,3747,AkZhol,,,,,,,,,,,,,,,,,,398003,6.52
KAZ,4351,DVK/AK,,,,,,,,,,,,,,,,,,398002,6.43
KAZ,3748,NO,,,,,,,,,,,,,,,,,,398008,6.19
KAZ,4350,QKP,,,,,,,,,,,,,,,,,,398001,5.92
KAZ,3749,QKXP,,,,,,,,,,,,,,,,,,398005,6.93
KEN,2316,KANU,,,,,,,KANU,KEN-1,6.3,4.67,4.2,6.8,4.75,,,,,,
KEN,2360,ODM,,,,,,,ODM,KEN-2,3.2,3.38,5.85,4.07,2.73,,,,,,
KEN,2361,ODM-Kenya,,,,,,,ODM-Kenya,KEN-3,5.11,4.67,6.17,5.5,4.67,,,,,,
KEN,2359,PNU,,,,,,,PNU,KEN-4,7.36,5.3,5.67,5.91,5.92,,,,,,
KGZ,4527,AM,,,,,,,,,,,,,,,,,,417004,6.53
KGZ,4529,AZ,,,,,,,,,,,,,,,,,,417002,6.72
KGZ,6382,DPZh,,,,,,,,,,,,,,,,,,,
KGZ,4526,KSP,,,,,,,,,,,,,,,,,SDPK,417001,6.54
KGZ,5612,PKK,,,,,,,,,,,,,,,,,,,
KGZ,4528,R,,,,,,,,,,,,,,,,,,417006,6.67
KOR,2546,DLP,,,,,,,,,,,,,,113320,DLP,-55.46,,,
KOR,2547,DP,,,,,,,,,,,,,,113420,DP,-25.16,,,
KOR,6561,DPK,,,,,,,,,,,,,,113441,DPK,-42.51,,,
KOR,2307,HD-SD,,,,,,,GNP,KOR-1,7.53,7.33,6.93,8.13,7.42,113630,GNP,-20.07,,,
KOR,6560,JP,,,,,,,,,,,,,,113322,JP,-37.43,,,
KOR,2306,LFP/AUP,,,,,,,LFP,KOR-3,8.31,8.33,7.62,8.58,7.33,113651,LFP,-42.86,,,
KOR,2305,MD,,,,,,,UDP,KOR-2,4.4,4.73,5.07,3.6,4.42,113440,UDP,-36.54,,,
KOR,2548,MDP,,,,,,,,,,,,,,113430,MDP,-14.35,,,
KOR,894,MK/SH,,,,,,,,,,,,,,113620,DLP,-4.78,,,
KOR,2019,NCNP,,,,,,,,,,,,,,113421,NCNP,-14.97,,,
KOR,2549,NUP,,,,,,,,,,,,,,113621,NUP,-4.31,,,
KOR,6323,PP,,,,,,,,,,,,,,113442,PP,-35.33,,,
KOR,2545,ULD,,,,,,,,,,,,,,113650,ULD,-4.55,,,
KOR,2543,UPP,,,,,,,,,,,,,,113321,UPP,-42.9,,,
KOR,2452,Uri,,,,,,,,,,,,,,113422,Uri,-18.24,,,
LBN,2563,1-perc,,,,,,,YD,LBN-5,3.86,3.5,3,3.67,6.67,,,,,,
LBN,3165,Amal,,,,,,,Amal,LBN-8,5.22,7.2,4.29,4,4.3,,,,,,
LBN,2562,FM,,,,,,,Future,LBN-1,7.22,6.1,7.38,6,5.4,,,,,,
LBN,2564,FPM,,,,,,,FPM,LBN-10,5.8,5,5.38,3.88,3.7,,,,,,
LBN,3238,Hizb,,,,,,,Hizb,LBN-9,5.11,8.6,5,2.5,3.6,,,,,,
LBN,2566,Kateab,,,,,,,Kateab,LBN-4,8.44,6.2,7.29,6.17,4.9,,,,,,
LBN,2317,LDP,,,,,,,LDemP,LBN-12,6,3.2,4.33,6,2.43,,,,,,
LBN,3235,LF,,,,,,,LF,LBN-3,8.44,5.8,7.29,5.71,4.9,,,,,,
LBN,3166,MM,,,,,,,Marada,LBN-13,6.67,5.25,4.8,3.8,4.14,,,,,,
LBN,2565,PSP,,,,,,,PSP,LBN-2,5.56,5.5,3.12,3.44,4.6,,,,,,
LBN,3236,SSNP,,,,,,,SSNP,LBN-11,5.67,4.88,3.86,3.33,5.89,,,,,,
LBY,3638,JCP,,,,,,,,,,,,,,,,,,434001,6.25
LBY,3639,NFC,,,,,,,,,,,,,,,,,,434002,5.89
LKA,1966,EJP,,,,,,,,,,,,,,73330,UNP,-11.3,,,
LKA,1967,SLNP,,,,,,,,,,,,,,73310,SLFP,-20.8,,,
LTU,197,BSDK,,,,,,,,,,,,,,88321,BSDK,-9.07,,,
LTU,74,DK,DK,2520,6.88,9,3.33,3,,,,,,,,88952,DK,-5.53,,,
LTU,102,DP,DP,2516,4.91,6.1,4.91,5.1,DP,LTU-1,4.67,6,5.53,3.62,3.62,88440,DP,-20.25,,,
LTU,1250,F/SLF,FRONT,2519,1.15,5.75,1,0.38,,,,,,,,,,,,,
LTU,2778,indep,VKM-AMT,2523,5.22,3.11,4.11,3.44,,,,,,,,,,,,,
LTU,1026,JL,JL-PKS,2513,9.8,8.6,2.25,,,,,,,,,,,,,,
LTU,8279,KDJ,,,,,,,,,,,,,,88042,,-3.32,,,
LTU,52,KKSS,NKS,2510,6.6,5.25,5.5,,,,,,,,,,,,,,
LTU,1364,L/L/L,,,,,,,,,,,,,,88529,LKDPK,17.7,,,
LTU,5455,LCP,LCP,2521,5.33,8.62,3.78,4,,,,,,,,,,,,,
LTU,1185,LCS,LCS,2509,5.6,4.2,6.25,,,,,,,,,88420,LCJ,-8.6,,,
LTU,546,LDDP,,,,,,,,,,,,,,88220,LDDP,-0.27,,,
LTU,341,LDP,,,,,,,,,,,,,,88522,LDP,-11.16,,,
LTU,1193,LiCS,,,,,,,LCS,LTU-3,8.13,3.43,8.65,6.33,2.6,88430,LiCS,5.25,,,
LTU,1063,LKD,LKDP,2508,7.4,8.2,4.25,,,,,,,,,,,,,,
LTU,6804,LKDP,,,,,,,,,,,,,,88521,LKDP,6.23,,,
LTU,556,LLRA,LLRA,2511,6.09,9.45,2.82,3.22,,,,,,,,88951,LLS,-15.26,,,
LTU,1410,LLS,LLS,2512,7.8,8.75,0.75,,,,,,,,,,,,,,
LTU,1357,LLS,LLS; LiCS,2505,6.23,4.08,6.75,5.92,,,,,,,,88422,LLS,5.7,,,
LTU,1747,LMP — NDP,NDP,2502,3.2,6.25,3.75,,,,,,,,,,,,,,
LTU,753,LPKTS,,,,,,,,,,,,,,88523,LPKTS,19.36,,,
LTU,5779,LPS,,,,,,,,,,,,,,88421,SK,36.51,,,
LTU,1744,LRLS,LRLS,2518,6.82,1.91,8.27,6.64,,,,,,,,88450,LRLS,6.34,,,
LTU,168,LRS,LRS,2503,2.2,7,2.25,,,,,,,,,,,,,,
LTU,64,LSDP,LSDP,2501,2.36,2.73,2.82,3.09,SDP,LTU-4,4,5.46,5.18,4.12,3.4,88320,LSDP,-21.76,,,
LTU,377,LTS,,,,,,,,,,,,,,88710,LTS,37.96,,,
LTU,21,LVP,LVP; LVLS; LVZS,2507,5.09,8.45,4,5.09,,,,,,,,88810,LVP,-5.51,,,
LTU,1490,LVŽS / LVLS,,,,,,,LVLS,LTU-7,3.93,6.25,4.38,3.5,3.77,88820,VNDS,-9.78,,,
LTU,1407,LZP,LZP,2522,4,3.33,4.33,4.33,,,,,,,,,,,,,
LTU,8392,MKDS,MKDS,2514,7,5,6.75,,,,,,,,,,,,,,
LTU,1800,NS,NS,2504,4.08,5.33,4,4,NS,LTU-5,4.85,5,5.69,4.14,3.38,88410,NS,-5.38,,,
LTU,347,TPP,TPP,2517,5.44,4.5,5.78,6,,,,,,,,88630,TPP,11.45,,,
LTU,193,TS — LKD,TS-LKD,2506,7.18,6.64,6.73,5.45,TS,LTU-6,8.5,7.27,6.12,4.94,6.06,88620,TS,27.27,,,
LTU,237,TT — LDP,TT,2515,6.64,8.64,4.27,4.22,TT,LTU-2,5.64,6.15,3.94,3.13,6.21,88041,UTT,-2.81,,,
LTU,2091,UdL,,,,,,,,,,,,,,88031,UdL,-14.29,,,
LUX,1114,ADR,ADR,3805,8,8,7,4.5,,,,,,,,23951,ADR,4.68,,,
LUX,539,CSV,CSV,3801,6,6,5.5,3.5,,,,,,,,23520,CSV/PCS,-7.75,,,
LUX,271,DL,DL,3806,1.5,2.5,1.5,1.5,,,,,,,,23230,,-29.29,,,
LUX,300,DP,DP,3803,5.5,4,5.5,6.5,,,,,,,,23420,DP/PD,-7.17,,,
LUX,475,GLEI,,,,,,,,,,,,,,23111,GLEI,-17.5,,,
LUX,1138,Greng/GAP,Greng,3802,4.5,3,4.5,4,,,,,,,,23112,GAP,-22.5,,,
LUX,1647,KPL,,,,,,,,,,,,,,23220,KPL/PCL,-41.04,,,
LUX,186,LSAP,LSAP,3804,4,4,4,3.5,,,,,,,,23320,LSAP/POSL,-24.59,,,
LUX,2065,Pi,PPLU,3807,5,5,5.5,5,,,,,,,,,,,,,
LVA,2768,1-perc,,,,,,,,,,,,,,87420,LLP,20.9,,,
LVA,8393,AP!,AP!,2417,5.82,1.91,5.9,4.73,,,,,,,,,,,,,
LVA,837,DCP,,,,,,,,,,,,,,87430,DCP,4.32,,,
LVA,19,DPS,,,,,,,,,,,,,,87411,DPS,-26.32,,,
LVA,6355,JKP,JKP,2416,7.27,7.09,6.18,5.36,,,,,,,,,,,,,
LVA,1531,JL,JL,2401,7,5,7,7.5,JL,LVA-2,7.85,4.92,6.92,6.23,7.15,87423,JL,-7.46,,,
LVA,1632,JP,,,,,,,,,,,,,,87431,JP,19.77,,,
LVA,304,KDS,,,,,,,,,,,,,,87520,KDS,5.77,,,
LVA,6356,KPVLV,KPV,2415,5.7,5.5,5,5.5,,,,,,,,,,,,,
LVA,860,L,,,,,,,,,,,,,,87951,L,2.94,,,
LVA,1043,LC,LC,2407,6.75,6,8,8.5,,,,,,,,87410,LC,-1.56,,,
LVA,1789,LNNK,,,,,,,,,,,,,,87710,LNNK,19.88,,,
LVA,708,LNNK/LNKK,,,,,,,,,,,,,,87611,LNNK-LZP,12.77,,,
LVA,1778,LPP,LPP,2404,7,8,7.75,8,,,,,,,,87521,LPP,4.76,,,
LVA,461,LPP/LC,,,,,,,LPP/LC,LVA-5,6.54,9.08,6.62,6.17,5.62,87041,LPP/LC,8.96,,,
LVA,3194,LRa,LRA,2414,6,6.22,6.62,6.29,,,,,,,,87901,,25,,,
LVA,741,LSDSP,LSDSP,2408,2.25,6,2.25,1.25,LSDSP,LVA-8,3.38,5.18,3.25,3.33,5.83,87311,LSDA,-1.93,,,
LVA,588,LSP,,,,,,,,,,,,,,87310,LSP,-39.53,,,
LVA,373,LVP,,,,,,,,,,,,,,87320,LVP,-16.95,,,
LVA,1702,LZS,,,,,,,,,,,,,,87810,LZS,5.24,,,
LVA,1612,LZS/KDS,,,,,,,,,,,,,,87811,LZS-LKDS-LDP,26,,,
LVA,3193,NsL,NSL,2413,5.14,7.71,4.86,4.83,,,,,,,,87630,,6,,,
LVA,176,PCTVL,PCTVL; LKS,2402,2.27,7,3.2,2.78,PCTVL,LVA-7,2.46,4.55,3.54,3.69,1.69,87422,PCTVL,-22.03,,,
LVA,393,PLL,,,,,,,,,,,,,,87061,PLL,33.33,,,
LVA,1056,SC,SC; SDPS,2410,3.45,6.27,4,3.09,SC,LVA-4,3.92,4.17,4.46,4.23,2.46,87021,SC,17.07,,,
LVA,5976,SDPS,,,,,,,,,,,,,,87340,SDPS,-9.86,,,
LVA,671,TB,,,,,,,,,,,,,,87721,TB,1.72,,,
LVA,1704,TB/LNNK,TB-LNNK; NA,2406,8.45,8.09,6.09,6.27,TB/LNNK,LVA-6,7.23,7.23,5.85,5.23,8.69,87723,TB-LNNK,7.84,,,
LVA,1654,TKL — ZP,,,,,,,,,,,,,,87722,TKL-ZP,13.33,,,
LVA,1755,TP,TP,2403,7.25,5.75,7.75,8.25,TP,LVA-1,8.23,6.15,7.92,7.23,6.92,87610,TP,19.44,,,
LVA,1719,TSP,,,,,,,,,,,,,,87220,SLAT,20.45,,,
LVA,852,V,V,2412,6.91,4.82,7.18,6.91,,,,,,,,87062,,4,,,
LVA,506,VL,,,,,,,,,,,,,,87071,,1.72,,,
LVA,1476,ZRP,ZRP,2411,6.38,5.14,6.67,5.78,,,,,,,,87620,ZRP,-1.59,,,
LVA,701,ZZS,ZZS,2405,5.82,7.64,5.45,5.73,ZZS,LVA-3,6.31,6.54,5.31,5.15,6.69,87110,ZZS,-5.26,,,
MAR,5325,AMP,,,,,,,,,,,,,,,,,PAM,504011,6.8
MAR,2482,I,,,,,,,PI,MAR-1,9.25,6.73,5,6.44,4.08,,,,PI,504002,6.46
MAR,2481,MP,,,,,,,MP,MAR-3,8.42,6.75,6.5,6.14,4.18,,,,MP,504005,5.8
MAR,2479,PJD,,,,,,,PJD,MAR-2,6.42,6.67,4.9,4.11,3.92,,,,PJD,504009,5.65
MAR,2480,RNI,,,,,,,RNI,MAR-4,9.25,6.09,6.5,8.29,4.7,,,,,,
MAR,5323,UC,,,,,,,,,,,,,,,,,UC,504007,8
MAR,2324,USFP,,,,,,,USFP,MAR-5,3,4.92,4.7,4,4.17,,,,USFP,504001,4.69
MDA,3980,ally,,,,,,,,,,,,,,90220,PSMUE,8.57,,,
MDA,2269,BEAB,,,,,,,,,,,,,,90952,BEAB,1.68,,,
MDA,2267,BMD,,,,,,,,,,,,,,90320,BMD,-17.97,,,
MDA,2263,BTI,,,,,,,,,,,,,,90951,BŢI,-0.95,,,
MDA,2266,CDM,,,,,,,,,,,,,,90610,CDM,-7.69,,,
MDA,2264,CDPP,,,,,,,PPCD,MDA-2,6.71,6.92,5.64,4.46,6.25,90520,AFPCD,-1.15,,,
MDA,2259,PAMN,,,,,,,PAMN,MDA-3,6.54,5.45,6.31,4.25,4.08,90321,AMN,8.91,,,
MDA,2260,PCRM,,,,,,,PCRM,MDA-1,2.14,8.92,1.64,2.43,2.75,90221,PCRM,-10.46,,,
MDA,2262,PDAM,,,,,,,,,,,,,,90810,PDAM,-4.89,,,
MDA,2265,PDM,,,,,,,PDM,MDA-4,4.29,5.18,4.79,3.62,3.5,90330,PDM,-10.4,,,
MDA,2261,PFD,,,,,,,,,,,,,,90410,PFD,-1.36,,,
MDA,2272,PL,,,,,,,PL,MDA-5,8.38,4.17,7.71,4.6,6.67,90620,PL,6.94,,,
MDA,2271,PLDM,,,,,,,,,,,,,,90430,PLDM,3.09,,,
MDA,2268,PMDP,,,,,,,,,,,,,,90420,PMDP,-5,,,
MDA,4119,PRCM,,,,,,,,,,,,,,,,,,,
MDA,2555,PSD,,,,,,,PSD,MDA-6,3.57,6,4.29,3.38,2.58,,,,,,
MDA,2553,PSRM,,,,,,,,,,,,,,90231,PSRM,-10.46,,,
MEX,3979,ally,,,,,,,,,,,,,,171034,,-20.02,,,
MEX,1988,AM,,,,,,,,,,,,,,171031,AM,-15.24,,,
MEX,1331,C/MC,,,,,,,Convergencia,MEX-5,3.8,4,4.38,4.43,3.85,171311,CD,3.75,,,
MEX,8834,CBT,,,,,,,,,,,,,,171033,,-30.19,,,
MEX,1983,FDN,,,,,,,,,,,,,,171307,FDN,-15.02,,,
MEX,6110,MORENA,,,,,,,,,,,,,,171210,MORENA,15.05,,,
MEX,696,PAN,,,,,,,PAN,MEX-2,8.11,7.39,7.32,5.39,6.33,171601,PAN,1.09,PAN,484002,6.66
MEX,1989,PARM,,,,,,,,,,,,,,171303,PARM,-5.69,,,
MEX,1981,PCM,,,,,,,,,,,,,,171201,PCM,-41.28,,,
MEX,6113,PES,,,,,,,,,,,,,,171611,PES,-0.29,,,
MEX,1984,PFCRN,,,,,,,,,,,,,,171304,PST,-15.61,,,
MEX,1982,PMT,,,,,,,,,,,,,,171308,PMT,-35.85,,,
MEX,1345,PNA,,,,,,,,,,,,,,171309,PANAL,-4.44,,,
MEX,1985,PPS,,,,,,,,,,,,,,171302,PPS,-40,,,
MEX,216,PRD,,,,,,,PRD,MEX-3,2.58,2.83,3.63,3.28,2.56,171305,PRD,-1.91,PRD,484003,5.31
MEX,1474,PRI,,,,,,,PRI,MEX-1,5.42,4.65,5.16,4.22,4.83,171301,PRI,-5.34,PRI,484001,6.55
MEX,1986,PRT,,,,,,,,,,,,,,171202,PRT,-41.3,,,
MEX,810,PSD,,,,,,,,,,,,,,171310,Alternativa,-12.52,,,
MEX,1987,PSUM,,,,,,,,,,,,,,171203,PSUM,-40.44,,,
MEX,1241,PT,,,,,,,,,,,,,,171306,PT,-9.46,,,
MEX,446,PVEM,,,,,,,PVEM,MEX-4,7.06,6.9,5.64,5.79,5.64,171101,PVEM,-10.53,,,
MKD,3973,ally,,,,,,,,,,,,,,89228,SPM/MDPSM/SRSM,-3.25,,,
MKD,8840,BM,,,,,,,,,,,,,,,,,,,
MKD,354,DA,,,,,,,,,,,,,,89321,DA,10.47,,,
MKD,4544,DOM,,,,,,,,,,,,,,89330,DOM,-23.06,,,
MKD,431,DPA,,,,,,,DPA,MKD-5,,6.89,5,5.5,2.7,89910,DPA/PDSh,3.88,,,
MKD,5660,DPTM/TDP,,,,,,,,,,,,,,89920,DPT/TDP,-26.15,,,
MKD,1220,DUI,,,,,,,DUI,MKD-4,2.71,6.3,5.5,6.4,2.9,89940,DUI/BDI,-19.15,,,
MKD,2784,indep,,,,,,,,,,,,,,,,,,,
MKD,171,LDP,,,,,,,,,,,,,,89224,LDP,3.92,,,
MKD,2449,LP,,,,,,,,,,,,,,89222,SRSM,-3.33,,,
MKD,6623,MDPS,,,,,,,,,,,,,,89223,MDPSM,-11.89,,,
MKD,5462,ND,,,,,,,,,,,,,,,,,,,
MKD,3179,NDP,,,,,,,,,,,,,,89930,NDP/RDK,-29.77,,,
MKD,4257,NDP,,,,,,,,,,,,,,,,,,,
MKD,2447,NSDP,,,,,,,NSDP,MKD-3,2.44,3.33,4.71,6,3.22,89230,NSDP,-16.2,,,
MKD,7867,PCERM,,,,,,,,,,,,,,89953,PCER,11.86,,,
MKD,155,PDP,,,,,,,,,,,,,,89952,PDP,15.22,,,
MKD,1033,PDP,,,,,,,,,,,,,,89959,PDPM/PDP,25.08,,,
MKD,4545,PEI,,,,,,,,,,,,,,89810,PEI,-7.93,,,
MKD,1508,SDSM,,,,,,,SDSM,MKD-1,2.6,2.75,3.7,5.2,3.64,89221,SKM-PDP,-17.6,,,
MKD,1088,SJM,,,,,,,,,,,,,,89420,SJM,11.77,,,
MKD,2448,SM,,,,,,,,,,,,,,89227,SM,-13.86,,,
MKD,724,SPM,,,,,,,,,,,,,,89320,SPM,,,,
MKD,1674,VMRO — DPMNE,,,,,,,????-?????,MKD-2,7.4,7.33,5.22,5.4,6.27,89710,VMRO-DPMNE,-14.25,,,
MKD,4258,VMRO — NP,,,,,,,,,,,,,,89511,VMRO-NP,-8.46,,,
MLI,2477,ADEMA — PASJ,,,,,,,ADEMA-PASJ,MLI-4,5.62,5.71,5.11,3.6,4.57,,,,,,
MLI,2478,CNID,,,,,,,CNID,MLI-5,5.14,5.71,4.75,3.8,4.29,,,,,,
MLI,2319,RPM,,,,,,,RM,MLI-2,4.75,5.71,4.38,4,3.71,,,,,,
MLI,2476,URD,,,,,,,UPRD,MLI-1,7,5.71,5,4.6,3.57,,,,,,
MLI,2475,US — RDA,,,,,,,US-RDA,MLI-3,2.5,7,4.88,1.4,5.29,,,,,,
MLT,808,MLP,PL,3701,6.14,2,6.43,3.71,,,,,,,,54320,PL,-18.52,,,
MLT,699,PN,PN,3702,6.14,6.57,6.43,3.57,,,,,,,,54620,PN,-18.1,,,
MNE,3982,ally,,,,,,,,,,,,,,91959,DK,7.58,,,
MNE,3255,BS,,,,,,,,,,,,,,91920,BS,-11.33,,,
MNE,5469,DCG,,,,,,,,,,,,,,91440,DCG,0.81,,,
MNE,5467,DEMOS,,,,,,,,,,,,,,91610,DEMOS,3.21,,,
MNE,6087,DF,,,,,,,,,,,,,,91060,DF,-8.27,,,
MNE,3162,DPS,,,,,,,,,,,,,,91222,PSCG,-1.38,,,
MNE,3254,DSCG,,,,,,,,,,,,,,91952,DSCG,7.29,,,
MNE,3163,DZB-PCG-KECG,,,,,,,,,,,,,,91323,DZB,0,,,
MNE,7624,KC,,,,,,,,,,,,,,91030,,-2.62,,,
MNE,4768,LPCG,,,,,,,,,,,,,,91421,LPCG,19.36,,,
MNE,3164,LSCG,,,,,,,,,,,,,,91420,LSCG,17.86,,,
MNE,3252,NOVA,,,,,,,,,,,,,,91910,NOVA,18.75,,,
MNE,3645,NS,,,,,,,,,,,,,,91710,NS,10.53,,,
MNE,4767,PCG,,,,,,,,,,,,,,91330,PCG,19.81,,,
MNE,4766,PzP,,,,,,,,,,,,,,91430,PzP,-14.85,,,
MNE,3103,SDACG,,,,,,,,,,,,,,91953,SDACG,8.2,,,
MNE,5470,SDCG,,,,,,,,,,,,,,91324,SDCG,-23.46,,,
MNE,3185,SDPCG,,,,,,,,,,,,,,91321,SDP CG,17.32,,,
MNE,3184,SDPR,,,,,,,,,,,,,,91320,SDPR,-3.61,,,
MNE,3104,SNP-CG,,,,,,,,,,,,,,91224,SNP CG,-10.58,,,
MNE,5486,SNS,,,,,,,,,,,,,,91712,SNS,5.73,,,
MNE,4079,SRSCG,,,,,,,,,,,,,,91229,SRSCG,-1.27,,,
MNE,3161,SSR,,,,,,,,,,,,,,91711,SRS,33.5,,,
MNE,2822,unknown,,,,,,,,,,,,,,91223,SP,-13.33,,,
MNE,5468,URA,,,,,,,,,,,,,,91322,URA,-31.87,,,
MNG,2467,1-perc,,,,,,,USN,MNG-4,5.4,7.58,5.11,2.67,7.73,,,,,,
MNG,2321,AN,,,,,,,AN,MNG-1,6.71,3.36,6.2,5.4,4.8,,,,,,
MNG,4902,EON/MASSN,,,,,,,EN,MNG-5,3.17,4.33,4.25,4.33,5.25,,,,,,
MNG,2468,IZN,,,,,,,IZN,MNG-2,6.9,3.55,5.45,6.25,4.44,,,,,,
MNG,2322,MAN,,,,,,,AKN,MNG-3,3.31,6.57,3.27,3.67,5.73,,,,,,
MOZ,2314,FRELIMO,,,,,,,FRELIMO,MOZ-1,5.88,5.31,6.08,4.82,6.23,,,,,,
MOZ,2315,RENAMO,,,,,,,RENAMO,MOZ-2,5.78,5.5,7.45,4,4.75,,,,,,
MUS,2460,MMM,,,,,,,MMM,MUS-3,6,4.2,4,3.55,3.18,,,,,,
MUS,2464,MR,,,,,,,MR,MUS-6,5.57,4.5,4.33,2.83,3,,,,,,
MUS,3798,MSM,,,,,,,MSM,MUS-4,6.3,4.45,4.27,3.27,2.91,,,,,,
MUS,2463,OPR,,,,,,,OPR,MUS-5,5.43,4.5,4.5,2.67,3,,,,,,
MUS,2461,PMXD,,,,,,,PMXD,MUS-2,7,3.64,4.64,3.18,2.45,,,,,,
MUS,2320,PTR,,,,,,,PT,MUS-1,6,3.64,4,3,2.82,,,,,,
MYS,3637,BN,,,,,,,,,,,,,,,,,BN,458001,6.97
MYS,2486,DAP,,,,,,,PTD,MYS-4,3.1,1.95,4.09,3.18,1.76,,,,DAP,458002,5.54
MYS,2485,Keadilan,,,,,,,Keadilan,MYS-3,3.63,3.8,3.68,2.95,2.86,,,,PKR,458004,6.49
MYS,2484,MCA,,,,,,,PCM,MYS-2,7.84,3.64,4.86,5.76,4.1,,,,,,
MYS,2483,PAS,,,,,,,Islamic,MYS-5,6.2,8.76,3.05,2.95,6.24,,,,PAS,458003,5.81
MYS,2318,UMNO,,,,,,,PKMB,MYS-1,7.65,8.27,3,4.36,7.62,,,,,,
NAM,2358,CD,,,,,,,CD,NAM-2,4.64,3.09,3.64,3,3.42,,,,,,
NAM,2356,DTA,,,,,,,DTA,NAM-3,5.91,4,5.3,3.55,3.33,,,,,,
NAM,2357,NUDO,,,,,,,NUDO,NAM-4,6,4.56,5.22,3.45,3.18,,,,,,
NAM,2331,SWAPO,,,,,,,SWAPO,NAM-1,4.2,6.75,3,3.25,6,,,,,,
NAM,2355,UDF,,,,,,,UDF,NAM-5,5.5,4.44,4.78,3.09,2.9,,,,,,
NER,2351,ANDP,,,,,,,ANDP,NER-4,6.25,6.6,5.4,6.25,3,,,,,,
NER,2352,CDS,,,,,,,CDS-Rahama,NER-2,6,8,5.17,6,3,,,,,,
NER,2350,MNSD—N,,,,,,,MNSD,NER-1,7,6.6,6.33,6.25,1,,,,,,
NER,2325,PNDS,,,,,,,PNDS,NER-3,3,6.6,4.33,3.5,1.67,,,,,,
NGA,2353,ACN,,,,,,,ACT,NGA-1,4.83,4.29,5.95,4.91,4.25,,,,ACN,566002,5.39
NGA,4116,AD,,,,,,,,,,,,,,,,,,,
NGA,2313,ANPP,,,,,,,ANPP,NGA-2,4.75,5.45,5.33,4.42,4.23,,,,,,
NGA,1154,NRC,,,,,,,,,,,,,,,,,,,
NGA,2354,PDP,,,,,,,PDP,NGA-3,6.6,4.18,6.35,6.75,5.23,,,,PDP,566012,5.93
NGA,510,SDP,,,,,,,,,,,,,,,,,,,
NIC,1640,ALN,,,,,,,ALN,NIC-1,8.2,4.44,7.25,5.67,4.38,,,,,,
NIC,769,FSLN,,,,,,,FSLN,NIC-2,4.9,5.1,3,4,4.3,,,,,,
NIC,286,PLC,,,,,,,PLC,NIC-3,8.3,4.7,7,6.3,4.67,,,,,,
NLD,714,50+,50PLUS,1020,5.08,5.6,4.45,4.4,,,,,,,,22953,50PLUS,-31.11,50,528018,6.06
NLD,994,AOV/VSP,,,,,,,,,,,,,,22954,AOV,0.85,,,
NLD,163,ARP,,,,,,,,,,,,,,22523,ARP,-14,,,
NLD,1472,CD,CD,1009,9.38,9.25,8.57,,,,,,,,,22711,,12.63,,,
NLD,1157,CDA,CDA,1001,6.85,7.15,6.69,6,CDA,NLD-1,6,6.33,5.73,5.36,5.17,22521,CDA,3.6,CDA,528002,6.51
NLD,1102,CHU,,,,,,,,,,,,,,22525,CHU,-14,,,
NLD,960,CP,,,,,,,,,,,,,,22710,,-4.85,,,
NLD,459,CPN,,,,,,,,,,,,,,22210,CPN,-24.78,,,
NLD,1459,CU,CU,1016,5.08,8.15,4.31,4.18,CU,NLD-7,5.08,7.92,4,3.67,5.58,22526,CU,5.48,,528014,6.23
NLD,45,D66,D66,1004,5.15,1.38,6.23,5.75,D-66,NLD-8,4.75,1.42,5.83,5.25,2.83,22330,D’66,-6.54,D66,528004,5.51
NLD,5856,DENK,Denk,1050,4.36,7.55,3.5,3.12,,,,,,,,22321,DENK,-24.83,,,
NLD,921,DS70,,,,,,,,,,,,,,22524,DS‘70,-13.6,,,
NLD,5855,FvD,FvD,1051,9.54,8.33,9.08,8.67,,,,,,,,22730,FvD,16.47,,,
NLD,1537,GL,GL,1005,2.31,0.85,2.38,2.18,GL,NLD-6,2.42,1.58,2.92,2.83,2,22110,GL,-9.35,GL,528005,3.45
NLD,1602,GPV,GPV,1007,6.7,8.64,5.8,,,,,,,,,22527,GPV,13.8,,,
NLD,1390,KVP,,,,,,,,,,,,,,22522,KVP,-14,,,
NLD,1420,LN,,,,,,,,,,,,,,22430,LN,-13.76,,,
NLD,1528,LPF,LPF,1015,8.38,5.44,8.11,,,,,,,,,22720,LPF,3.23,,,
NLD,1581,PPR,,,,,,,,,,,,,,22310,PPR,-12.9,,,
NLD,1050,PSP,,,,,,,,,,,,,,22230,PSP,-23.54,,,
NLD,1234,PvdA,PvdA,1002,3.62,3.08,3.62,2.83,PvdA,NLD-2,3.92,2.83,3.17,3.25,3.5,22320,PvdA,-13.84,PvdA,528001,4.03
NLD,1467,PvdD,PvdD,1018,2.38,2.92,3.18,3.11,,,,,,,,22951,PvdD,-18.85,Pvd,528015,4.44
NLD,298,PVV,PVV,1017,8.69,7.23,6.46,5.83,PVV,NLD-5,9.5,5,9,8.64,9.75,22722,PVV,20,PVV,528013,7.08
NLD,172,RPF,RPF,1008,6.8,8.55,6,,,,,,,,,22528,RPF,24.6,,,
NLD,1178,SGP,SGP,1006,8.54,9.92,7.17,7.17,,,,,,,,22952,SGP,24.71,SGP,528006,8
NLD,1363,SP,SP,1014,1.38,4.31,1.38,0.75,SP,NLD-3,2.08,3.2,1.75,1.83,4.92,22220,SP,-23.04,,528009,3.69
NLD,1656,TOP,,,,,,,Trots op NL,NLD-9,9,4.71,9.1,8.88,9.5,,,,,,
NLD,873,U55,,,,,,,,,,,,,,22955,Unie 55+,5.24,,,
NLD,828,VVD,VVD,1003,7.62,5,8.15,8.25,VVD,NLD-4,7.92,2.67,8.33,7.92,7.25,22420,PvdV,10.95,VVD,528003,7.34
NOR,1020,DLF,,,,,,,,,,,,,,12410,DLF,-16.4,,,
NOR,448,DNA,,,,,,,AP,NOR-4,3.8,4.75,4,3.83,3.96,12320,DnA,-29.79,,,
NOR,101,FrP,,,,,,,FrP,NOR-6,8.35,5.74,7.75,6.61,8.2,12951,ALP,14.16,,,
NOR,503,H,,,,,,,H,NOR-3,7.84,4.5,7.42,6.58,4.58,12620,H,-7.81,,,
NOR,705,KrF,,,,,,,KrF,NOR-2,5.71,7.04,5.12,4.25,4.8,12520,KrF,-12.33,,,
NOR,1963,MDG,,,,,,,,,,,,,,12110,MDG,-11.05,,,
NOR,1079,NKP,,,,,,,,,,,,,,12220,NKP,-45.3,,,
NOR,44,RV,,,,,,,,,,,,,,,,,,,
NOR,1072,Sp/Bp,,,,,,,SP,NOR-1,4.21,5.32,4.29,4.42,4.79,12810,Sp,-16.7,,,
NOR,719,SV,,,,,,,SV,NOR-7,2.38,3.52,2.96,3.17,2.33,12221,SV,-28.96,,,
NOR,1173,V,,,,,,,V,NOR-5,6.16,3.12,5.96,5.25,3.28,12420,V,-13.38,,,
NZL,716,A,,,,,,,,,,,,,,64321,Alliance,6.75,,,
NZL,752,ACT,,,,,,,ACT,NZL-5,7.36,3.67,8.5,8.54,6.25,64420,ACT,36.33,ACT,554001,7.73
NZL,1486,CD/FNZ,,,,,,,,,,,,,,,,,,554003,3.5
NZL,1099,Greens,,,,,,,Green,NZL-3,4.11,3.5,2.92,2.92,2,64110,Greens,-16.05,,554004,3.41
NZL,150,JAPP,,,,,,,Pro,NZL-8,4.38,3.64,2.5,2.75,2.17,64422,Progressive,0,,,
NZL,1049,LP,,,,,,,Lab,NZL-1,5,3.92,3.31,3.08,2.15,64320,Labour,-22.79,,554005,4.57
NZL,1427,Mana,,,,,,,,,,,,,,64902,Mana,-35.34,,554012,4.43
NZL,1716,MP,,,,,,,Maori,NZL-6,3.33,4.75,4,3.5,3.08,64901,,-20.09,,554009,4.44
NZL,1824,NP,,,,,,,Nat,NZL-2,5.73,4.38,6.62,6.85,5.23,64620,National,-3.81,,554006,6.77
NZL,591,NZFP,,,,,,,NZF,NZL-4,4.33,5.83,4.33,4.75,7.75,64621,NZF,-15.63,,554007,6
NZL,911,SC/DP,,,,,,,,,,,,,,64951,NZDP,-17.91,,,
NZL,940,UFNZ,,,,,,,UF,NZL-7,4.71,5.5,5.67,5.83,4.42,64421,,-7.23,,554008,3
PAK,2326,ANP,,,,,,,ANP,PAK-5,3.18,3.33,4.53,3.78,2.32,,,,,,
PAK,2386,JUI,,,,,,,JUI,PAK-6,9,9.35,5.4,5,7.13,,,,,,
PAK,2387,MQM/HPG,,,,,,,MQM,PAK-4,5.94,3.83,5.8,4.39,3.35,,,,,,
PAK,2384,PML(N),,,,,,,PML-N,PAK-2,7.45,6.11,6.5,4.58,4.95,,,,PML,586002,7.26
PAK,2385,PML(Q),,,,,,,PML-Q,PAK-3,7.45,6.35,6.5,5.28,5.58,,,,,,
PAK,2383,PPP,,,,,,,PPP,PAK-1,3.55,3.28,4,3.35,2.8,,,,PPP,586001,7.22
PAK,5587,PTI,,,,,,,,,,,,,,,,,PTI,586007,8.02
PAN,59,CD,,,,,,,CD,PAN-5,7.75,7.14,7.57,5,6.57,,,,,,
PAN,1555,MOLIRENA,,,,,,,MOLIRENA,PAN-3,7.62,7.43,7.75,4.86,6.57,,,,,,
PAN,380,PLN,,,,,,,PLN,PAN-6,7.2,7.25,7,6.25,5.75,,,,,,
PAN,202,PNR/PPA,,,,,,,PP,PAN-2,7.62,7,6.5,5.38,5.62,,,,,,
PAN,1351,PRD,,,,,,,PRD,PAN-1,6.5,6.62,5.75,4.38,5,,,,,,
PAN,949,PS,,,,,,,PS,PAN-4,7.57,7.83,7.67,5.17,6.33,,,,,,
PER,499,AF,,,,,,,ApeF,PER-4,7.6,5.67,7,5.9,5.67,,,,,,
PER,529,APRA/PAP,,,,,,,APRA,PER-2,5.45,5.27,5.64,4.45,4.82,,,,APRA,604002,6.38
PER,788,FDC,,,,,,,FdC,PER-5,5.5,5.22,5.2,4.8,3.38,,,,,,
PER,4214,FP,,,,,,,,,,,,,,,,,,604026,5.56
PER,4219,NM,,,,,,,,,,,,,,,,,,604008,5.5
PER,345,PNP,,,,,,,,,,,,,,,,,,604024,4.96
PER,4861,PP,,,,,,,,,,,,,,,,,,604001,5.15
PER,2554,UN,,,,,,,UN,PER-3,8.36,6.09,7.36,6.55,5.91,,,,,,
PER,575,UPP,,,,,,,UP,PER-1,2.6,7.09,3.55,3.36,5.64,,,,UPP,604005,5
PHL,2391,AKBAYAN,,,,,,,AKBAYAN,PHL-7,1.4,2.44,2.33,1.9,2.22,,,,,,
PHL,3998,ally,,,,,,,,,,,,,,,,,,,
PHL,2390,BM,,,,,,,Bayan Muna,PHL-6,1,4.11,2.11,1.9,2.56,,,,,,
PHL,2465,KAMPI,,,,,,,KAMPI,PHL-2,8.44,7,6.5,5.14,3.2,,,,,,
PHL,4248,KBL,,,,,,,,,,,,,,,,,,,
PHL,2466,KMB,,,,,,,KMB,PHL-3,8,5.25,6.57,5.5,3.2,,,,,,
PHL,2388,Lakas — CMD,,,,,,,Lakas-CMD,PHL-1,7.44,5.17,5.71,4.43,3.14,,,,NUCD-NUCD,608001,6.9
PHL,4601,LAMMP,,,,,,,,,,,,,,,,,,,
PHL,4252,LDP,,,,,,,,,,,,,,,,,,,
PHL,4602,PDP — Laban,,,,,,,,,,,,,,,,,PDP-Laban,608005,6.71
PHL,2330,PLP,,,,,,,PLP,PHL-4,5.1,4.29,6.88,3.62,2.75,,,,LP,608002,6.85
PHL,2389,PNP,,,,,,,PNP,PHL-5,6.88,5.75,6.67,5.29,1.75,,,,NP,608003,6.92
POL,2890,1-perc,,,,,,,,,,,,,,92711,PZZ,42.1,,,
POL,863,AWS,AWSP,2608,7.75,7.5,4.38,,,,,,,,,92620,AWS,17.02,,,
POL,1681,BBWR,,,,,,,,,,,,,,92901,BBWR,6.49,,,
POL,468,ChD,,,,,,,,,,,,,,92520,ChDSP,12.9,,,
POL,4631,K,Kukiz,2617,7.11,7.61,6.75,5.38,,,,,,,,,,,,,
POL,153,KLD,,,,,,,,,,,,,,92420,KLD,17.19,,,
POL,4713,KNP,KNP,2614,9.53,8.82,9.59,9.59,,,,,,,,,,,,,
POL,4629,KORWIN,Korwin,2619,9.53,9.53,9.06,8.06,,,,,,,,,,,,,
POL,1615,KPN,,,,,,,,,,,,,,92710,KPN,0,,,
POL,1588,LiD,,,,,,,,,,,,,,92021,LiD,-0.33,,,
POL,1768,LPR,LPR,2607,9.25,9.54,3.5,3.5,LPR,POL-6,9.29,8.5,2.73,3.08,7.36,92713,LPR,8.33,,,
POL,1439,MN,,,,,,,,,,,,,,92953,MN,-2.75,,,
POL,4630,N,Novo,2618,5.16,2.61,7.67,6.72,,,,,,,,,,,,,
POL,1649,PC,,,,,,,,,,,,,,92521,POC,0,,,
POL,188,PCD,,,,,,,,,,,,,,92522,PChD,26.13,,,
POL,1566,PD,UW; PD,2609,4.5,1.17,7.4,7.5,,,,,,,,,,,,,
POL,1565,PiS,PiS,2605,7.55,9.14,2.95,1.75,PiS,POL-2,8.07,7.14,3,3.07,6.36,92436,PiS,10.81,,616031,7.25
POL,1266,PL,,,,,,,,,,,,,,92810,PL,12.73,,,
POL,1117,PO,PO,2603,5.38,4.67,6.57,5.9,PO,POL-1,7.07,4.64,8.14,7.29,4.62,92435,PO,-13.31,PO,616032,5.65
POL,1535,PPG,,,,,,,,,,,,,,92433,PPG,24.24,,,
POL,464,PPPP,,,,,,,,,,,,,,92431,PPPP,18.23,,,
POL,2992,PR,PR,2615,7.65,7.69,6.67,6.4,,,,,,,,,,,,,
POL,602,PSL,PSL,2606,5.29,7.1,4.33,3.45,PSL,POL-4,5.54,6.38,3.29,3.71,5.31,92811,PSL,-7.26,PSL,616002,5.57
POL,1430,RAS,,,,,,,,,,,,,,92952,RAŚ,0.76,,,
POL,4871,Razem,Razem,2620,1.28,1.22,1.29,1.47,,,,,,,,,,,,,
POL,1192,RdR,,,,,,,,,,,,,,92523,RdR,27.27,,,
POL,1712,ROP,,,,,,,,,,,,,,92621,ROP,8.12,,,
POL,731,RP / TR,RP,2613,2.53,1.18,4.19,4.13,,,,,,,,92440,RP,6.12,,616046,4.39
POL,767,S,,,,,,,,,,,,,,92320,NSZZ,-26.02,,,
POL,919,SD,SD,2612,4.67,3.67,6.25,6.43,,,,,,,,92211,SD,-14.19,,,
POL,1328,SDPL,SDPL,2611,2.67,2.25,3.42,3.33,,,,,,,,,,,,,
POL,57,SLD,SLD,2601,3.38,3.57,3.9,3.35,SLD,POL-3,2.43,3.14,3.57,3.43,4.31,92210,SLD,-0.9,SLD,616004,3.74
POL,6183,SLD — UP,,,,,,,,,,,,,,92212,SLD-UP,-4.31,,,
POL,328,SP,SP,2616,8.29,8.65,3.38,3.25,,,,,,,,,,,,,
POL,923,SP,,,,,,,,,,,,,,92321,SP,3.29,,,
POL,7356,Spr,Wiosnia,2621,1.89,0.84,3.5,2.67,,,,,,,,,,,,,
POL,727,SRP,S,2604,4.64,7.75,2.67,1.91,SRP,POL-5,3.45,5.64,2.15,2.64,5.5,92622,SRP,-5.64,,,
POL,1046,UD,,,,,,,,,,,,,,92410,UD,9.26,,,
POL,1104,UP,UP,2602,3,1.38,2.25,,,,,,,,,92322,UP,-13.16,,,
POL,283,UPR,,,,,,,,,,,,,,92432,UPR,51.96,,,
POL,8268,UW,,,,,,,,,,,,,,92434,UW,-1.99,,,
POL,1458,WAK,,,,,,,,,,,,,,92530,WAK,38.89,,,
POL,146,X,,,,,,,,,,,,,,92712,PX,-6.78,,,
PRI,3668,PIP,,,,,,,,,,,,,,,,,,,
PRI,3670,PNP,,,,,,,,,,,,,,,,,,,
PRI,3669,PPD,,,,,,,,,,,,,,,,,,,
PRT,35,ASDI,,,,,,,,,,,,,,35316,ASDI,4.73,,,
PRT,1310,BE,BE,1208,0.88,1.75,1,1.43,B.E.,PRT-5,1.7,1.2,1.5,1.95,1.2,35211,BE,-34.51,,,
PRT,1308,CDS/PP,CDS; PP,1202,8.5,8.88,8.5,6.86,CDS-PP,PRT-4,8.35,8.2,7.95,6.89,7.75,35520,CDS,10.77,,,
PRT,284,CDU,CDU,1201,0.88,5.12,0.62,0.86,,,,,,,,35229,CDU,-23.88,,,
PRT,387,ID,,,,,,,,,,,,,,35315,ID,32.29,,,
PRT,1688,MDP,,,,,,,,,,,,,,35310,MDP,-30.39,,,
PRT,3226,MPT / PT,MPT,1209,6.75,6.33,7,3,,,,,,,,,,,,,
PRT,5939,PàF,,,,,,,,,,,,,,35060,PàF,0.6,,,
PRT,97,PAN,PAN,1250,3.43,4,3.83,2.8,,,,,,,,35120,PAN,-25.47,,,
PRT,310,PCP,PCP,1210,0.88,5.12,0.75,0.86,PCP,PRT-3,1.7,2.83,1.15,1.85,2.06,35220,PCP,-31.77,,,
PRT,4513,PDR,,,,,,,,,,,,,,,,,,,
PRT,886,PEV,PEV,1211,1.14,4.88,1.29,1.17,,,,,,,,35110,PEV,-31.28,,,
PRT,1359,PPD/PSD,PPD; PSD,1206,6.38,7,6.5,6.29,PSD,PRT-2,6.65,6.35,6.58,5.74,5.53,35313,PPD,-4.6,,,
PRT,1480,PPM,,,,,,,,,,,,,,35710,PPM,9.6,,,
PRT,1600,PRD,,,,,,,,,,,,,,35312,PRD,17.86,,,
PRT,655,PS,PS,1205,4.12,4.38,4,3.86,PS,PRT-1,4.5,3.65,4.11,4.21,3.17,35311,PS,-12.62,,,
PRT,181,PSN,,,,,,,,,,,,,,35951,PSN,-1.1,,,
PRT,896,UDP,,,,,,,,,,,,,,35210,UDP,12.26,,,
PRT,1301,UEDS,,,,,,,,,,,,,,35317,UEDS,4.73,,,
PRY,2878,1-perc,,,,,,,PDP,PRY-6,3.75,4,3,2.25,2.25,,,,,,
PRY,384,ANR — PC,,,,,,,ANR-PC,PRY-1,6.77,7.38,4.15,5.31,5.15,,,,,,
PRY,2393,MPT,,,,,,,MPT,PRY-7,2.5,3.5,1.5,1.5,1.75,,,,,,
PRY,1245,PLRA,,,,,,,PLRA,PRY-2,7.69,5.15,6.31,5.77,5.5,,,,,,
PRY,220,PPQ,,,,,,,MPQ,PRY-3,8.62,6.08,7.38,6.08,6.17,,,,,,
PRY,314,PPS,,,,,,,PPS,PRY-5,3.56,4,3.56,3.56,3.22,,,,,,
PRY,1339,UNACE,,,,,,,UNACE,PRY-4,8.23,7.83,5.15,5.83,5.54,,,,,,
ROU,215,ADA,,,,,,,,,,,,,,93041,ADA,5.5,,,
ROU,5662,ALDE,,,,,,,,,,,,,,93420,ALDE,26.67,,,
ROU,4002,ally,,,,,,,,,,,,,,,,,USL,642052,4.95
ROU,5940,ARD,,,,,,,,,,,,,,93061,ARD,-18.68,,,
ROU,971,AUL,,,,,,,,,,,,,,93719,AUR,5.26,,,
ROU,192,CDR,CDR 2000,2707,6.29,4.43,6.71,,,,,,,,,93411,CDR,-28.77,,,
ROU,2454,FDGR,FDGR,2708,5.29,4.29,6,4.67,,,,,,,,,,,,,
ROU,276,FDSN,,,,,,,,,,,,,,93223,FDSN,-17.8,,,
ROU,958,FSN,,,,,,,,,,,,,,93524,FDRT,1.75,,,
ROU,477,GDC,,,,,,,,,,,,,,93529,GDC,5.88,,,
ROU,3223,LRP,PLR,2712,6.13,6.25,6.13,6.07,,,,,,,,,,,,,
ROU,1511,MER,,,,,,,,,,,,,,93111,MER,-13.7,,,
ROU,1457,PaRe,,,,,,,,,,,,,,93714,PR,14.75,,,
ROU,1443,PC/PUR,PUR; PC,2702,5.53,7.94,5,5.25,PC,ROM-6,4.11,7.15,3.22,3.55,7.92,,,,,,
ROU,1715,PD,PDL,2704,6.65,5.59,7.18,6.93,,,,,,,,93221,FSN,-3.35,,,
ROU,1085,PDAR,,,,,,,,,,,,,,93810,PDAR,-8.49,,,
ROU,660,PDL,,,,,,,PDL,ROM-2,6.58,5.54,7,5.23,4.29,93530,PDL,4.95,,642035,6.88
ROU,1373,PER,,,,,,,,,,,,,,93112,PER,0,,,
ROU,3210,PMP,PMP,2711,7.07,7.21,7.36,6.92,,,,,,,,93540,PMP,-1,,,
ROU,481,PNL,PNL,2705,7.07,6,7.25,6.81,PNL,ROM-3,6.92,4,7.46,5.57,4.38,93430,PNL,1.47,,,
ROU,1750,PNT-CD,,,,,,,,,,,,,,93521,PNŢCD,0,,,
ROU,2474,PP — DD,PP-DD,2710,4.36,8.62,2.54,3.45,,,,,,,,93981,PP-DD,-20.74,,,
ROU,1305,PRM,PRM,2703,5.63,9.45,2.1,1.74,PRM,ROM-4,4.82,8.93,2.08,3.36,9.21,93712,PRM,5.56,PRM,642007,5.09
ROU,7359,PROR,PRO,2714,4.29,6.54,4.53,4.14,,,,,,,,,,,,,
ROU,120,PSD,PSD,2701,3.67,8.25,3.38,2.88,PSD,ROM-1,2.46,6.14,2.54,2.71,6.43,93322,USD,-12.73,,,
ROU,6153,PSD-PC,,,,,,,,,,,,,,93002,PSD-PC,-12.91,,,
ROU,1347,PSD+PUR,,,,,,,,,,,,,,93001,PSD-PUR,-28.85,,,
ROU,1034,PSDR,,,,,,,,,,,,,,93320,PSDR,-30.19,,,
ROU,1217,PSM,,,,,,,,,,,,,,93713,PSM,-15.91,,,
ROU,1078,PSoDR,,,,,,,,,,,,,,93222,PSDR,-6.25,,,
ROU,1451,PUNR,,,,,,,,,,,,,,93711,PUNR,-2.38,,,
ROU,1105,UDMR/RMDS,UDMR,2706,5.87,6.06,5.69,5.73,UDMR,ROM-5,6.27,3.92,6.73,5.18,2.29,93951,UDMR/RMDSz,-15.28,,,
ROU,2534,unknown,,,,,,,,,,,,,,93523,PND,10,,,
ROU,1541,UNPR,UNPR,2709,3.43,7.64,3.57,4.23,,,,,,,,,,,,,
ROU,5941,USL,,,,,,,,,,,,,,93031,USL,19.22,,,
ROU,5969,USR,USR,2713,6.47,2.62,6.5,6,,,,,,,,93440,USR,-25.05,,,
RUS,2900,1-perc,,,,,,,,,,,,,,94224,DM,8.06,,,
RUS,2235,APR,,,,,,,,,,,,,,94222,APR,-10.95,,,
RUS,2238,DPR,,,,,,,,,,,,,,94712,DPR,18.39,,,
RUS,2253,DVR,,,,,,,,,,,,,,94421,DVR,-1.01,,,
RUS,2254,DVR — OD,,,,,,,,,,,,,,94427,DVR-OD,-1.01,,,
RUS,2243,IBIR,,,,,,,,,,,,,,94321,IBIR,-7.69,,,
RUS,2236,KPRF,,,,,,,CPRF,RUS-2,1.38,8.08,2.69,2,4.8,94221,KPRF,-18.3,KPRF,643002,4.17
RUS,2237,KRO,,,,,,,,,,,,,,94713,KRO,17.14,,,
RUS,2245,LDPR,,,,,,,LDPR,RUS-3,7,7.6,4.9,4.33,8.42,94710,BZ,-22.73,LDPR,643003,5.42
RUS,2247,NDR,,,,,,,,,,,,,,94424,NDR,40,,,
RUS,2240,OVR,,,,,,,,,,,,,,94622,OVR,47.17,,,
RUS,8362,PR,,,,,,,,,,,,,,,,,,643033,5.91
RUS,2249,PRES,,,,,,,,,,,,,,94423,PRES,21.82,,,
RUS,2251,RDDR,,,,,,,,,,,,,,94320,RDDR,12.41,,,
RUS,2246,Rodina,,,,,,,,,,,,,,94310,Rodina,-14.88,,,
RUS,2248,RPR-PNS,,,,,,,,,,,,,,94426,PGL,4.22,,,
RUS,2255,SPS,,,,,,,SPS,RUS-5,8.62,1.42,8.23,7.25,2,94621,SPS,6.69,,,
RUS,2244,SR,,,,,,,SR,RUS-4,3.23,7.45,4.42,3.77,4.78,94901,SR,-25.19,,643034,5.21
RUS,2899,unknown,,,,,,,,,,,,,,,,,,,
RUS,2250,VN,,,,,,,,,,,,,,94225,VN,7.69,,,
RUS,2241,VR,,,,,,,,,,,,,,94425,VR,21.65,,,
RUS,2242,Y,,,,,,,,,,,,,,94620,Yedinstvo,30,,,
RUS,2252,Yabloko,,,,,,,Yabloko,RUS-6,6.54,2.08,7.17,6,1.75,94422,Yabloko,-10.45,,643037,5.44
RUS,2256,YR,,,,,,,UR,RUS-1,5.78,7.82,4.46,5,4.56,94951,ER,2.79,ER,643032,5.92
RUS,2257,ZR,,,,,,,,,,,,,,94223,ZR,7.92,,,
RWA,3283,FPR,,,,,,,,,,,,,,,,,,646104,5.4
SEN,2379,AFP,,,,,,,AFP,SEN-5,4.22,6.62,5,4,1.86,,,,,,
SEN,2382,AJ/PADS,,,,,,,AJ/PADS,SEN-4,3.22,6.43,3.43,4.38,1.71,,,,,,
SEN,2329,PDS,,,,,,,PDS,SEN-1,7.75,5.38,6.88,4.57,2.71,,,,,,
SEN,2381,PIT,,,,,,,PIT,SEN-3,2.4,6.43,3,4.22,1.75,,,,,,
SEN,2380,PS / UPS,,,,,,,PS,SEN-2,3.67,6,3,4.71,2,,,,,,
SGP,3277,PAP,,,,,,,,,,,,,,,,,,,
SGP,3561,SDP,,,,,,,,,,,,,,,,,,,
SGP,3278,WP,,,,,,,,,,,,,,,,,,,
SLV,1709,ARENA,,,,,,,ARENA,SLV-1,9.62,7.46,7.85,6.38,7.83,,,,,,
SLV,978,FMLN,,,,,,,FMLN,SLV-2,1.92,5.31,3.62,3.23,4.83,,,,,,
SLV,686,PCN,,,,,,,PCN,SLV-3,9.15,7.5,7.36,6.69,7.67,,,,,,
SLV,11,PDC,,,,,,,PDC,SLV-4,8.15,7.58,6.58,6.08,7.3,,,,,,
SRB,2915,1-perc,,,,,,,,,,,,,,95954,KAP,-3.03,,,
SRB,8626,ABS,,,,,,,,,,,,,,95043,LDP/LSV/SDS,-3.28,,,
SRB,4011,ally,,,,,,,,,,,,,,95229,,-6.42,,,
SRB,3173,BDZS / SPP,,,,,,,,,,,,,,95903,BDZ,-3.57,,,
SRB,6150,DEPOS,,,,,,,,,,,,,,95420,DEPOS,25.58,,,
SRB,5379,DJB,,,,,,,,,,,,,,95440,DJB,-20.55,,,
SRB,2188,DOS,,,,,,,,,,,,,,95423,DOS,1.21,,,
SRB,2189,DS,,,,,,,DS,YUG-2,4.9,2.1,5,5,1.7,95430,DS,-14.29,,,
SRB,2190,DSS,,,,,,,DSS,YUG-3,8,7.8,4.5,5.33,8.5,95065,DSS/NS,-0.86,,,
SRB,8627,DSS-Dveri,,,,,,,,,,,,,,95066,Dveri/DSS,-3.77,,,
SRB,5665,Dveri,,,,,,,,,,,,,,,,,,,
SRB,2186,DZVM,,,,,,,,,,,,,,95951,DZVM,-41.94,,,
SRB,2193,G17+,,,,,,,G17+,YUG-4,6.89,1.8,8.22,8.56,1.9,95450,,-20.8,,,
SRB,2202,GSS,,,,,,,,,,,,,,95421,GSS,-10.83,,,
SRB,8830,IBZ,,,,,,,,,,,,,,95041,,-12.48,,,
SRB,2182,KV,,,,,,,,,,,,,,95091,KV,-1.54,,,
SRB,2196,LDP,,,,,,,LDP,YUG-7,6.22,2,9.1,9.12,2.1,95431,LDP,4.71,,,
SRB,4769,LSV,,,,,,,,,,,,,,,,,,,
SRB,2194,MK,,,,,,,,,,,,,,95901,MK,-0.41,,,
SRB,2197,ND,,,,,,,,,,,,,,95422,ND,-8.87,,,
SRB,2346,NS,,,,,,,NS,YUG-5,7.9,8.5,3.88,4,8.4,,,,,,
SRB,2180,P — CJ,,,,,,,,,,,,,,95042,,-5.56,,,
SRB,2199,PDD,,,,,,,,,,,,,,95955,PVD/PDD,,,,
SRB,2179,PUPS,,,,,,,,,,,,,,,,,,,
SRB,2174,RDSV,,,,,,,,,,,,,,95222,SRSV,0,,,
SRB,3176,SDAS,,,,,,,,,,,,,,95952,SDA,-14.81,,,
SRB,4771,SDPS,,,,,,,,,,,,,,,,,,,
SRB,4770,SDS,,,,,,,,,,,,,,,,,,,
SRB,3177,SNS,,,,,,,,,,,,,,,,,,,
SRB,2176,SPO,,,,,,,,,,,,,,95710,SPO,25.97,,,
SRB,2178,SPS,,,,,,,SPS,YUG-6,4.33,5.22,2.6,2.2,5.4,95221,SPS,-9.82,,,
SRB,9001,SPS/PUPS/JS,,,,,,,,,,,,,,95021,SPS/PUPS/JS,41.24,,,
SRB,2175,SRS,,,,,,,SRS,YUG-1,8.43,8.8,2.62,2.2,9,95711,SRS,-10,,,
SRB,5399,SSJ,,,,,,,,,,,,,,,,,,,
SRB,2201,SSS,,,,,,,,,,,,,,95810,SSS,33.93,,,
SRB,2203,SVM,,,,,,,,,,,,,,95902,VMSZ,3.27,,,
SRB,2914,unknown,,,,,,,,,,,,,,,,,,,
SRB,2181,URS,,,,,,,,,,,,,,95451,URS,4.14,,,
SRB,2192,ZES,,,,,,,,,,,,,,95040,ZES,9.26,,,
SRB,8999,ZMS,,,,,,,,,,,,,,95070,,-5.33,,,
SRB,9000,ZpS,,,,,,,,,,,,,,95044,,-17.42,,,
SRB,8365,ZS,,,,,,,,,,,,,,95100,ZS,-4.91,,,
SVK,2918,1-perc,Siet,2816,5.75,4,7.75,5.67,,,,,,,,,,,,,
SVK,295,ADS,,,,,,,,,,,,,,96431,ADSR,11.86,,,
SVK,4015,ally,NOVA,2815,7.07,7.08,7.08,7,,,,,,,,,,,,,
SVK,217,ANO,ANO,2806,6.71,3.54,7.5,,,,,,,,,96424,ANO,18.58,,,
SVK,6629,DEÚS,,,,,,,,,,,,,,96421,DÚS,2.4,,,
SVK,983,DS,,,,,,,,,,,,,,96420,DS,-12.3,,,
SVK,63,KDH,KDH,2805,6.62,8.06,6.19,5,KDH,SVK-6,7.15,9.31,6.15,5.77,6.31,96521,KDH,-10.06,,,
SVK,340,KSS,KSS,2807,0.69,6.6,0.33,0.55,,,,,,,,96222,KSS,-7.14,,,
SVK,560,LS — HZDS,LS-HZDS,2801,5,7.21,4.43,4.38,LS-HDS,SVK-5,5.2,6.67,4.27,4.42,7.92,96711,HZDS,12.02,,,
SVK,656,LsNS,Kotleba LSNS,2817,9.31,9.81,3.94,2.27,,,,,,,,96720,ĽSNS,8.99,,,
SVK,258,MH,Most,2813,5.2,4.81,5.75,5.13,,,,,,,,96955,,0.44,,,
SVK,2283,MKDM,,,,,,,,,,,,,,96953,MKdH/MKdM,-12.2,,,
SVK,2284,MOS,,,,,,,,,,,,,,96954,MOS/MPP,3.03,,,
SVK,1174,Nds,,,,,,,,,,,,,,96712,NDS,-2.15,,,
SVK,665,OKS,,,,,,,,,,,,,,96610,OKS,34.73,,,
SVK,2130,OLaNO,OLaNO,2814,6.57,6.79,6,5,,,,,,,,96620,OL'aNO,-2.43,,,
SVK,7361,PS,PS,2819,3.81,1.5,5,4.31,,,,,,,,,,,,,
SVK,129,PSNS,PSNS,2808,8.5,8.62,3.75,,,,,,,,,,,,,,
SVK,4872,S,,,,,,,,,,,,,,96630,,0.86,,,
SVK,1386,SaS,SaS,2812,7,3.19,8.12,8.5,,,,,,,,96440,SaS,28.38,,,
SVK,226,SDK,,,,,,,,,,,,,,96522,SDK,5.19,,,
SVK,1617,SDKU — DS,SDKU; SDKU-DS,2802,6.86,5.31,7.57,7.38,SKDU-DS,SVK-2,7.23,4.69,7.46,7.23,4.62,96523,SDKÚ,6.03,,,
SVK,1242,SDL,,,,,,,,,,,,,,96220,KSČ,-10.49,,,
SVK,2131,SDĽ,,,,,,,,,,,,,,,,,,,
SVK,200,SDSS,,,,,,,,,,,,,,,,,,,
SVK,1077,SE,,,,,,,,,,,,,,96951,ESWS,-8.22,,,
SVK,137,SF,SF,2811,5.73,2.75,6,5.62,,,,,,,,,,,,,
SVK,311,Smer — SD,Smer; Smer-SD,2803,4.25,7.88,3.5,2.12,Smer,SVK-1,2.85,5.17,2.31,2.38,7.46,96423,Smer,-8.33,,,
SVK,349,SMK-MKP,SMK; SMK-MKP,2804,5.92,7.14,5.54,4.09,SMK,SVK-4,6,5.83,5.58,4.69,1.83,96952,ESWS-MKdH,-7.27,,,
SVK,730,SNS,SNS,2809,7.44,8.94,4.44,3.53,SNS,SVK-3,6.5,8.46,4.64,4.2,9.85,96710,SNS,12.95,,,
SVK,9,SOP,,,,,,,,,,,,,,96422,SOP,-6.39,,,
SVK,8177,Spolu,SPOLU,2820,5.33,3,6.12,5.69,,,,,,,,,,,,,
SVK,2453,SPV,,,,,,,,,,,,,,,,,,,
SVK,4873,SR,Sme Rodina,2818,7.13,8.44,4.86,2.86,,,,,,,,96725,,2.11,,,
SVK,205,SV,,,,,,,,,,,,,,96221,SV,-11.32,,,
SVK,1569,SZ-S,,,,,,,,,,,,,,96111,SZ,-17.65,,,
SVK,2917,unknown,,,,,,,,,,,,,,,,,,,
SVK,5,VPN,,,,,,,,,,,,,,96430,VPN,-7.03,,,
SVK,8394,Za,Za,2821,6,5,6.62,5.4,,,,,,,,,,,,,
SVK,230,ZRS,,,,,,,,,,,,,,96210,ZRS,-12.06,,,
SVN,2921,1-perc,,,,,,,,,,,,,,97810,SKZ,90.91,,,
SVN,1302,AS,AS,2909,4.6,2.6,3.8,3,,,,,,,,,,,,,
SVN,467,DeSUS,DeSUS,2906,3.77,5.07,3.29,2.79,DeSUS,SVN-4,3.25,2.92,2.73,2.06,3.23,97951,DeSUS,-28.52,DeSUS,705002,4.72
SVN,98,DL,,,,,,,,,,,,,,97450,LGV,0,,,
SVN,1479,DS,,,,,,,,,,,,,,97430,DSS,-33.15,,,
SVN,2273,KPS / ZKS,,,,,,,,,,,,,,97220,ZKS,6.9,,,
SVN,975,LDS,LDS,2901,4.75,1.58,5.83,5.83,LDS,SVN-7,3.25,1.64,6.73,5.62,1.93,97421,LDS,3.84,LDS,705003,3.67
SVN,2099,LDSS,,,,,,,,,,,,,,,,,,,
SVN,6132,LMS,LMS,2915,4.36,4.64,4.64,4.21,,,,,,,,,,,,,
SVN,1773,LZJ — PS,PS,2914,3.38,3.46,4.15,4.73,,,,,,,,97340,PS,14.03,,,
SVN,1618,NSi,NSI,2905,7.5,8,7.36,6.07,NSI,SVN-8,8.73,8.71,5.71,4.69,8.13,97522,Nsi,10.54,NSI,705020,7.27
SVN,1403,SD/ZLSD,ZLSD; SD,2903,2.57,2.53,3.07,2.71,SD,SVN-1,2.38,2.07,3.2,2.12,1.67,97321,ZLSD,-16.82,SDS,705006,6.71
SVN,472,SDS,SDS,2902,8.64,8.73,7.5,7,SDS,SVN-2,7.06,6.43,5.8,5.12,7.73,97320,SDSS,-11.07,,,
SVN,644,SKD,,,,,,,,,,,,,,97520,SKD,-0.54,,,
SVN,764,SLS,SLS-SKD; SLS,2904,6.46,7.08,6.31,5.7,SLS,SVN-6,7.73,7.77,4.62,3.44,7.27,97521,SLS,-3.42,SLS,705004,5.41
SVN,3098,SMC,SMC,2911,4.79,4.07,5.14,4.5,,,,,,,,,,,,,
SVN,1401,SMS,SMS,2908,4.4,3.2,4,,,,,,,,,97952,SMS,11.47,,,
SVN,96,SNS,SNS,2907,8.71,8.47,6.31,6.83,SNS,SVN-5,7.92,5.54,3.7,3.33,9.8,97710,SNS,7.94,SNS,705005,5.22
SVN,3114,ZaAB / SAB,ZaAB,2913,4.21,3.33,4.36,3.5,,,,,,,,,,,,,
SVN,474,Zares,Zares,2910,3.92,1.75,4.58,4.33,Z-NP,SVN-3,3.19,1.79,4.53,4.81,1.47,97440,,-10.43,ZARES,705025,3.5
SVN,4714,ZdLe,ZL,2912,0.71,1,0.71,1.14,,,,,,,,,,,,,
SVN,2276,ZL,,,,,,,,,,,,,,97223,ZL,6.9,,,
SVN,1494,ZS,,,,,,,,,,,,,,97110,ZS,-15.68,,,
SWE,690,AV / H / HP / M,M,1605,7.71,5.94,7.71,7.19,Mod,SWE-1,7.95,3.6,6.9,6.5,4.3,11620,MSP,7.56,,752005,7.71
SWE,199,B/C,C,1603,6.82,2.24,8,6.75,C,SWE-2,7.2,3.7,6.45,5.7,4.3,11810,CP,9.98,,752001,6.47
SWE,1240,Fi,FI,1612,1.81,0.81,1.71,1.38,,,,,,,,,,,,,
SWE,1274,Fpl / L,FP,1604,6.53,3.24,7.12,6.25,FP,SWE-3,7.4,2.75,6.6,5.95,4,11420,FP,-1.14,,752002,6.58
SWE,1093,Jl,JL,1609,5.27,4.2,5.22,5.4,,,,,,,,,,,,,
SWE,651,KD,KD,1606,7.82,7.06,7.24,6.31,KD,SWE-4,7.6,6.25,6.2,5.7,4.35,11520,KDS,-12.71,,752003,6.96
SWE,456,MP,MP,1607,3.29,1.59,3.94,3,MPG,SWE-5,3.85,2.45,4.65,4.3,2.15,11110,MP,-15.97,,752004,4.05
SWE,343,NyD,NyD,1608,9,6,8,,,,,,,,,11951,NyD,42.81,,,
SWE,1485,PP,PIRAT,1611,5,1.24,5.25,5.17,,,,,,,,,,,,,
SWE,487,S,SAP,1602,3.88,4.41,4.12,2.81,SAP,SWE-6,3.3,2.79,3.8,4,3.05,11320,SAP,-20,,752006,3.85
SWE,409,SD,SD,1610,8.47,8.76,5.59,4.69,SD,SWE-8,8.23,8.69,5.5,4,9.6,11710,SD,-9.09,,752009,6.51
SWE,830,V/SKP,V,1601,1.71,1.94,1.76,0.5,V,SWE-7,1.7,2.45,2.95,3.15,1.85,11220,SKP,-40.7,,752007,2.35
THA,2373,PCT,,,,,,,CT,THA-3,8.83,6.6,7,5.5,6.25,,,,,,
THA,2378,Phracharaj,,,,,,,PrP,THA-1,9,7.5,9,6.33,7.5,,,,,,
THA,2375,PMT,,,,,,,MT,THA-4,8,7.25,7,5.75,7,,,,,,
THA,2327,PP,,,,,,,Pr,THA-7,8.12,7.8,7.44,6.38,5.78,,,,,764001,5.54
THA,2377,PPD,,,,,,,PPP,THA-2,9.2,7.5,7,4.4,7.5,,,,,,
THA,2376,PPP,,,,,,,PaP,THA-6,6.43,8,5.11,4.38,7,,,,,,
THA,5398,PTP,,,,,,,,,,,,,,,,,,764005,6.95
THA,2374,RJTCP,,,,,,,RJTCP,THA-5,8.4,7.5,8.5,6.25,7,,,,,,
THA,5397,TRT,,,,,,,,,,,,,,,,,,,
TUN,4534,COL,,,,,,,,,,,,,,,,,,788007,5.14
TUN,4532,CPR,,,,,,,,,,,,,,,,,CPR,788005,5
TUN,5832,Nahdah,,,,,,,,,,,,,,,,,,788002,6.96
TUN,4530,NT,,,,,,,,,,,,,,,,,,788001,5.33
TUN,4533,PDP,,,,,,,,,,,,,,,,,PDP,788004,6.14
TUN,5586,PF,,,,,,,,,,,,,,,,,,788003,3.93
TUR,306,AKP,,,,,,,AKP,TUR-1,6.64,7.9,7.64,4.55,4.55,74628,AKP,-6.78,AKP,792008,7.4
TUR,1190,ANAP,,,,,,,,,,,,,,74623,ANAP,-25,,,
TUR,4373,AP,,,,,,,,,,,,,,74622,AP,31.4,,,
TUR,1330,BBP,,,,,,,,,,,,,,74626,BBP,26.49,,,
TUR,2503,BDP,,,,,,,,,,,,,,74325,BDP,-33.84,,,
TUR,1060,CHP,,,,,,,CHP,TUR-2,5,4.8,4.64,3.9,4.8,74321,CHP,-29.46,CHP,792002,4.37
TUR,4377,CMP,,,,,,,,,,,,,,74710,CMP,-28.38,,,
TUR,899,DP,,,,,,,DP,TUR-3,6.55,6,6.4,6.67,6.33,,,,,,
TUR,4758,DP,,,,,,,,,,,,,,74621,DP,44.6,,,
TUR,1740,DSP,,,,,,,DSP,TUR-4,5.36,5.11,4.45,5,5.78,74324,DSP,19.32,,,
TUR,1606,DTP,,,,,,,DTP,TUR-5,2.64,4.75,3.67,4.11,3.64,74326,DTP,-35.38,,,
TUR,398,DTuP,,,,,,,,,,,,,,74627,DTP,-1.46,,,
TUR,351,DYP,,,,,,,,,,,,,,74624,DYP,-8.07,,,
TUR,1463,FP,,,,,,,,,,,,,,74716,FP,7.38,,,
TUR,2472,HADEP,,,,,,,,,,,,,,,,,,,
TUR,6042,HDP,,,,,,,,,,,,,,74210,HDP,-26.52,,,
TUR,1423,HP,,,,,,,,,,,,,,74322,HP,-13.6,,,
TUR,6236,IYI,,,,,,,,,,,,,,,,,,,
TUR,178,MDP,,,,,,,,,,,,,,74711,MDP,-7.8,,,
TUR,1610,MHP,,,,,,,MHP,TUR-6,8.82,8.2,4,5.86,7.36,74712,CKMP,9.36,MHP,792006,7.45
TUR,228,MP,,,,,,,,,,,,,,74625,MP,3.17,,,
TUR,815,MSP,,,,,,,,,,,,,,74714,MSP,37.5,,,
TUR,1067,RP,,,,,,,,,,,,,,74715,RP,33.48,,,
TUR,1253,SHP,,,,,,,,,,,,,,74323,SHP,-13.06,,,
TUR,572,SP,,,,,,,SP,TUR-7,8.18,9.11,3.4,3.33,5.25,,,,,,
TUR,2957,unknown,,,,,,,,,,,,,,,,,,,
TWN,3666,C/NP,,,,,,,,,,,,,,,,,,,
TWN,1596,DDP,,,,,,,DPP,TWN-2,4.89,3.22,4.31,4.53,5.44,,,,DPP,158012,4.24
TWN,1112,KMT,,,,,,,KMT,TWN-1,7.17,4.72,4.89,6.44,5.06,,,,KMT,158011,4.98
TWN,3665,PFP,,,,,,,,,,,,,,,,,PFP,158015,4.25
TWN,3664,TSU,,,,,,,,,,,,,,,,,TSU,158014,4.17
TZA,2328,CCM,,,,,,,CCM,TZA-1,5.25,4.69,5.5,5.25,4.5,,,,,,
TZA,2345,CCW,,,,,,,CCW,TZA-3,5.33,3.7,4.5,3.43,5.1,,,,,,
TZA,2344,Chadema,,,,,,,CDM,TZA-2,6.11,3.3,5.67,3.71,4.82,,,,,,
UGA,4525,DP,,,,,,,,,,,,,,,,,,,
UGA,4523,NRM,,,,,,,,,,,,,,,,,,,
UGA,4524,UPC,,,,,,,,,,,,,,,,,,,
UKR,2963,1-perc,,,,,,,,,,,,,,98424,HKU,-11.43,,,
UKR,2215,APU,,,,,,,,,,,,,,98811,APU,-22.41,,,
UKR,2231,BNU — NS,,,,,,,OU-PSD,UKR-3,8.09,5.71,6.5,5.62,5.67,98615,NU,-12.82,,,
UKR,4778,BPP,,,,,,,,,,,,,,,,,UDAR,804105,5.39
UKR,2228,BYuT,,,,,,,BYU,UKR-1,4.14,3.88,3.52,3.3,3.37,98616,JT,-2.92,,,
UKR,2222,DPU,,,,,,,,,,,,,,98613,DPU,10.24,,,
UKR,3266,Fath,,,,,,,,,,,,,,,,,BUT,804101,5.77
UKR,3267,Fre,,,,,,,,,,,,,,,,,VO,804102,6.32
UKR,4780,GP,,,,,,,,,,,,,,,,,,,
UKR,2218,KhDPU,,,,,,,,,,,,,,98521,KhDPU,9.34,,,
UKR,2220,KPU,,,,,,,CPU,UKR-4,1.68,6.75,1.9,2,3.65,98221,KPU,-29.9,,,
UKR,2221,KUN,,,,,,,,,,,,,,98711,KUN,17.22,,,
UKR,2230,LB,,,,,,,LB,UKR-5,5.56,4.29,4.71,4.44,3.71,98081,LB,-8.66,,,
UKR,3158,LDPU,,,,,,,,,,,,,,,,,,,
UKR,2227,MBR,,,,,,,,,,,,,,98421,MBR,11.92,,,
UKR,2206,NDPU,,,,,,,,,,,,,,98426,NDPU,-10.45,,,
UKR,4773,NF,,,,,,,,,,,,,,,,,,,
UKR,2223,NF,,,,,,,,,,,,,,98614,NF,25.49,,,
UKR,4779,OB,,,,,,,,,,,,,,,,,,,
UKR,2232,PDVU,,,,,,,,,,,,,,98422,PDVU,37.88,,,
UKR,2233,PEVK,,,,,,,,,,,,,,98951,PEVK,15.09,,,
UKR,2234,PR,,,,,,,PR,UKR-2,6.26,4.94,5.37,5.58,3.53,98952,PR,-5.88,,804104,5.64
UKR,4775,PS,,,,,,,,,,,,,,,,,,,
UKR,2208,PSPU,,,,,,,,,,,,,,98322,PSPU,-4,,,
UKR,2229,PT,,,,,,,,,,,,,,98423,PT,0,,,
UKR,2226,PZU,,,,,,,,,,,,,,98111,PZU,-15.46,,,
UKR,4774,RP,,,,,,,,,,,,,,,,,,,
UKR,2207,Rukh,,,,,,,,,,,,,,98611,Rukh,2.61,,,
UKR,2210,SDPU(O),,,,,,,,,,,,,,98325,SDPU,-5.6,,,
UKR,2205,SelPU,,,,,,,,,,,,,,98810,SelPU,2.27,,,
UKR,4776,SP,,,,,,,,,,,,,,,,,,,
UKR,2211,SPU,,,,,,,SPU,UKR-6,2.64,5.65,2.95,2.77,3.27,98323,SPU-SelPU,-2,,,
UKR,3178,SU,,,,,,,,,,,,,,,,,,804106,6.3
UKR,2212,UKRP,,,,,,,,,,,,,,98712,UKRP,14.01,,,
UKR,2213,UNA,,,,,,,,,,,,,,98713,UNA,29.87,,,
UKR,2962,unknown,,,,,,,,,,,,,,,,,KPU,804103,4.15
UKR,2214,URP,,,,,,,,,,,,,,98612,URP,10.44,,,
UKR,2535,Viche,,,,,,,,,,,,,,,,,,,
UKR,2216,VOH,,,,,,,,,,,,,,98324,,-12.82,,,
UKR,2225,VU,,,,,,,,,,,,,,98428,,10.35,,,
UKR,4772,ZASTUP,,,,,,,,,,,,,,,,,,,
UKR,2224,ZYU,,,,,,,,,,,,,,98429,ZYU,-9.4,,,
URY,1658,FA/EP,,,,,,,FA,URY-3,3.41,3.76,3.29,3.82,3.73,162310,FA,-21.2,,858003,3.28
URY,3671,NE,,,,,,,,,,,,,,,,,,,
URY,1419,PC,,,,,,,PC,URY-2,6.82,4.65,6.76,5.5,4.71,162410,PC,-8.83,,858001,7.13
URY,518,PI,,,,,,,,,,,,,,162510,PI,-0.08,,858004,5.33
URY,118,PN,,,,,,,PN,URY-1,6.24,5.59,6.53,5.12,4.86,162610,PN,-3.24,,858002,6.87
URY,4506,UP,,,,,,,,,,,,,,162210,UP,-43.4,,,
USA,432,Dem,,,,,,,Dem,USA-1,2.53,3.13,3.07,3.12,2.79,61320,Democrats,-20.58,,840002,4.71
USA,2002,PP-LF,,,,,,,,,,,,,,61621,,-28.06,,,
USA,2001,PP-W,,,,,,,,,,,,,,61622,,-42.12,,,
USA,809,Rep,,,,,,,Rep,USA-2,8.87,8.4,8.47,8.94,7.5,61620,Republicans,32.97,,840001,7.43
USA,3557,RPUSA,,,,,,,,,,,,,,,,,,,
USA,1089,SRP,,,,,,,,,,,,,,61911,,52.46,,,
VEN,862,AD,,,,,,,,,,,,,,,,,,,
VEN,4804,CN,,,,,,,,,,,,,,,,,,,
VEN,4759,COPEI,,,,,,,,,,,,,,,,,,,
VEN,4803,LCR,,,,,,,,,,,,,,,,,,,
VEN,646,MAS,,,,,,,,,,,,,,,,,,,
VEN,1754,MVR,,,,,,,MVR,VEN-1,3.42,8,3.67,3.25,4.64,,,,,,
VEN,1483,PCV,,,,,,,PCV,VEN-4,3,7.27,3.5,3.17,5.18,,,,,,
VEN,361,PJ,,,,,,,MPJ,VEN-6,7.33,3.33,5.67,5.33,4.5,,,,,,
VEN,413,PODEMOS,,,,,,,Podemos,VEN-2,4.67,5.5,4.5,3.75,4.4,,,,,,
VEN,1356,PPT,,,,,,,PPT,VEN-3,3.58,5.83,4.83,3.75,4.27,,,,,,
VEN,4802,PRVZL,,,,,,,,,,,,,,,,,,,
VEN,849,UNT,,,,,,,UNT,VEN-5,5.67,3,5,5.67,3.5,,,,,,
XKX,3243,AAK,,,,,,,,,,,,,,,,,,,
XKX,3703,AKR,,,,,,,,,,,,,,,,,,,
XKX,2295,LDK,,,,,,,,,,,,,,,,,,,
XKX,4765,NISMA,,,,,,,,,,,,,,,,,,,
XKX,2294,PDK,,,,,,,,,,,,,,,,,,,
XKX,5499,SL,,,,,,,,,,,,,,,,,,,
XKX,2296,VV!,,,,,,,,,,,,,,,,,,,
YEM,4040,ally,,,,,,,,,,,,,,,,,YSP,887009,5
YEM,4162,GPC,,,,,,,,,,,,,,,,,GPC,887002,5.99
YEM,4163,Islah,,,,,,,,,,,,,,,,,Islah,887001,6.76
YEM,4328,NUPO,,,,,,,,,,,,,,,,,,887004,3
YEM,3625,unknown,,,,,,,,,,,,,,,,,,887007,6.67
YEM,4164,YSP,,,,,,,,,,,,,,,,,YSP,887003,2.89
ZAF,1219,ANC,,,,,,,ANC,ZAF-1,3.91,2.5,2.64,2.91,3.82,181310,ANC,-31.93,ANC,710003,6.45
ZAF,4546,COPE,,,,,,,,,,,,,,181420,COPE,-32.81,,,
ZAF,1609,CP,,,,,,,,,,,,,,,,,,,
ZAF,1038,DA,,,,,,,DA,ZAF-2,6.55,2.09,6.45,4.64,2.73,181411,DA,-8.12,DA,710006,5.85
ZAF,4547,DP,,,,,,,,,,,,,,181410,DP,-2.15,,,
ZAF,4548,EEF,,,,,,,,,,,,,,181210,EEF,-27.8,,,
ZAF,1630,IFP,,,,,,,IFP,ZAF-3,6.73,5.3,5.45,3.91,3,181910,IFP,-7.72,,,
ZAF,1289,NP,,,,,,,,,,,,,,,,,,,
ZMB,2332,FDD,,,,,,,FDD,ZMB-4,5,1.54,5.79,3.58,3.75,,,,,,
ZMB,3685,HP,,,,,,,,,,,,,,,,,,,
ZMB,2333,MMD,,,,,,,MMD,ZMB-1,6.75,2.44,6.47,4.33,3.94,,,,,,
ZMB,2302,PF,,,,,,,PF,ZMB-5,5.69,3.27,4.2,3,5.35,,,,,,
ZMB,7187,UDA,,,,,,,,,,,,,,,,,,,
ZMB,2334,UNIP,,,,,,,UNIP,ZMB-2,3.88,2.88,2.61,3,3.94,,,,,,
ZMB,2335,UPND,,,,,,,UPND,ZMB-3,5.76,2.12,5.41,3.81,3.59,,,,,,
ZWE,3558,MDC,,,,,,,,,,,,,,,,,,,
